post_timestamp,post_title,post_content
2024-11-23 15:00:27,해리스는 금지어 아니네,완장 해명하라
2024-11-23 15:00:32,유럽애들은 이 시간에 F1 보는게 일상이라고?,하아 괘씸하거든요
2024-11-23 15:00:37,내일 황라리 러셀 원스탑 도박할려나?,3명 모두 원스탑 도박 했는데 포디움 성공하지만 모두 중량미달 실격이면 갤 터지겠지?
2024-11-23 15:01:19,페르난도 알론소 피트레인 과속으로 200유로 벌금,
2024-11-23 15:01:25,페 멕 36점차 레이스3 스프린트1 역전 ㄱㄴ??,못해도 아부다비까지 치열한 경쟁구도 가능??
2024-11-23 15:01:39,메르 프랙티스는 프랙티스일뿐 하겠지?,
2024-11-23 15:02:06,감사합니다,레드불 먹으며 레드불의 체코응원 할게요
2024-11-23 15:02:42,뭔 라스베가스에 에펠탑이 있노,저게 paris hotel인가
2024-11-23 15:02:46,케로쇼 ㄱㄱㄱ,ㄱㄱㄱㄱ
2024-11-23 15:03:05,스피어 개간지 나네 ㅋㅋㅋ,- dc official App
2024-11-23 15:03:13,아 버즈 두고 와서 소리를 못 듣네,
2024-11-23 15:03:23,스피어 좆되네 ㅋㅋㅋ,"시강미쳤노
- dc official App"
2024-11-23 15:03:24,드라이버들 스피어에 정린 팔리겠노 ㅋㅋㅋ,존나 시강이네
2024-11-23 15:03:40,스피어에 가슬리 시강 ㅋㅋㅋ,"지리긴하네
- dc official App"
2024-11-23 15:03:54,케로쇼 진짜 ㅋㅋㅋㅋ,"누르면 해설 나오는 자판기 ㅋㅋ
- dc official App"
2024-11-23 15:03:59,존나 길다 ㅋㅋ,
2024-11-23 15:04:03,우우 완장은 금지어를 풀어라,라스베가스 그랑프리인데 포커도 못치냐고
2024-11-23 15:04:17,와 진짜 직선구간 ㅈㄴ 기네 ㅋㅋㅋㅋㅋ,ㅋㅋㅋㅅㅂ
2024-11-23 15:04:18,light blue head padding muste be used 이거,"핑크랑,하늘색 말고 더 있나?
AI도 몰루 시전하는데
- dc official App"
2024-11-23 15:04:29,스피어 ㅈㄴ크네 ㅋㅋ,- dc official App
2024-11-23 15:04:31,아웃랩까지 거의 110초를 안쉬고 말한 ㅋㅋ,ㅋㅋ
2024-11-23 15:04:43,매낄로이 왔노 ㅋㅋㅋㅋㅋ,ㅋㅋㅋㅋㅋ
2024-11-23 15:04:45,레드플래그띄워!!!!,이대로끝내!!!
2024-11-23 15:04:50,재수 끝나고 첫 엪원이네,"이제 안놓치고 다 본다 ㅅㅂㅠㅠ
- dc official App"
2024-11-23 15:05:00,레드불 리어윙 진짜 ㅈㄴ초라하네,ㅋㅋㅋㅋㅋㅋ
2024-11-23 15:05:01,체황 등장!,
2024-11-23 15:05:01,자우버 원투 ㄷㄷ,"ㅋㅋㅋㅋ
- dc official App"
2024-11-23 15:05:20,자우버 원투ㄷㄷ,- dc official App
2024-11-23 15:05:32,저우 각성함?,"보타스보다 빠르노
- dc official App"
2024-11-23 15:05:35,리어윙 시발 ㅋㅋㅋㅋ,
2024-11-23 15:05:36,오라클 진짜 좀 잘린거냐?,
2024-11-23 15:05:38,체황 아직 안짤렸냐,갱단이 무섭긴 무섭노
2024-11-23 15:05:59,윙 ㅅㅂ 손으로 깎았다더니 뭐 저렇게 생겼냐ㅋㅋㅋㅋ,병신같네
2024-11-23 15:06:15,중연) 와 츠노다 폴포지션 퓨ㅠㅠㅠㅠ,우승가자
2024-11-23 15:06:24,스폰서 로고 잘라버리기~~,ㅋㅋ
2024-11-23 15:06:48,병신 가슬리보다 느리네ㅋㅋㅋㅋㅋㅋㅋ,+0.370
2024-11-23 15:06:49,츠밑체 ㄷㄷㄷ,ㄷ
2024-11-23 15:06:51,츠밑체 ㅋㅋ,
2024-11-23 15:06:51,병신 ㅋㅋㅋㅋ,- dc official App
2024-11-23 15:06:52,ㅋㅋㅋㅋㅋㅋㅋㅋㅋ,- dc official App
2024-11-23 15:06:53,체황 ㅋㅋㅋ,
2024-11-23 15:06:55,역기체황 ㅋㅋㅋㅋ 개느려 ㅋㅋㅋ,
2024-11-23 15:07:05,물탕경 개빠르네 ㅋㅋ,ㅋ
2024-11-23 15:07:05,그저 체황,"ㅋㅎㅋㅋㅎㅋ츠밑페
- dc official App"
2024-11-23 15:07:06,가슬리치팅함?,왜빠른데
2024-11-23 15:07:06,체황 좆됐노 ㅋㅋㅋ,
2024-11-23 15:07:13,rb 하위팀이 레드불인가,그런듯
2024-11-23 15:07:22,맥 빠르네 쩝,
2024-11-23 15:07:29,메르 개같이 부활ㅋㅋㅋ,ㅋ
2024-11-23 15:07:32,섹스하며 보는중,아주 좋다
2024-11-23 15:07:40,병신 ㄹㅇ또  q1딱이겠다 이새끼 ㅋㅋㅋㅋㅋㅋ,
2024-11-23 15:07:43,맥 메르 지리네,- dc official App
2024-11-23 15:07:45,맥맥메메 ㅋㅌㅋㅋㅋ,
2024-11-23 15:08:02,래드불 망햇노,
2024-11-23 15:08:24,저우 뭐고 ㄷㄷ,- dc official App
2024-11-23 15:08:37,저우 진짜 각성했노,- dc official App
2024-11-23 15:08:58,스트롤은 안 나오나,
2024-11-23 15:09:08,길이 진짜 살얼음낀거처럼 보이네,ㅋㅋㅋㅋㅋ
2024-11-23 15:09:11,저래도 막가놈은 결국 P2 아님 P3 올라올 듯,요태까지 그래왔고 아패로도 계속
2024-11-23 15:09:14,막첵반초ㅇㅇ,
2024-11-23 15:09:17,방금 맨홀 뚜껑보고 흠칫했으면 개추 ㅋㅋㅋㅋㅋㅋㅋ,작년 사인츠가 문득 ㅋㅋ
2024-11-23 15:09:18,레드불 진짜 망했나보네,몽골이 5위면..
2024-11-23 15:09:19,헉,"레드불 비상!
- dc official App"
2024-11-23 15:09:23,시발 드래그머신 ㅋㅋㅋㅋ,ㅋㅋㅋㅋ
2024-11-23 15:09:22,레드불 진짜 ㅈ댓노 ㅋㅋㅋㅋㅋㅋ,
2024-11-23 15:09:35,몽골 직빨 섹터3에서 무너지네 ㅋㅋㅋ,ㅋㅋㅋ
2024-11-23 15:09:37,레드불 초비상,
2024-11-23 15:09:44,대 노 다,ㄷㄷㄷ
2024-11-23 15:09:46,대노다 ㄷㄷ,
2024-11-23 15:09:48,대노다 ㅋㅋㅋㅋ,ㅋㅋㅋㅌ
2024-11-23 15:09:49,츠밑막ㅋㅋㅋ,- dc official App
2024-11-23 15:09:50,대노다 ㄷㄷ,ㄷㄷ
2024-11-23 15:09:51,르끌 뭐노ㅋㅋㅋㅋㅋㅋ,- dc official App
2024-11-23 15:09:51,349 ㅅㅂ ㅋㅋㅋㅋ,
2024-11-23 15:09:52,진짜 레드불 ㅋㅋㅋㅋㅋ,
2024-11-23 15:09:53,알비 ㅋㅋㅋㅋㅋㅋㅋ,
2024-11-23 15:09:54,황 노 다,
2024-11-23 15:09:56,대노다 ㅋㅋㅋㅋ,ㅋㅋㅋ
2024-11-23 15:10:02,킹황짱노다 컄ㅋㅋㅋ,
2024-11-23 15:10:02,황노다가 몽골을 참교육,
2024-11-23 15:10:03,츠밑몽ㅋㅋㅋㅋㅋ,
2024-11-23 15:10:10,저따구면 RB한테 부품 받아오는게 더 빠르겠다ㅋㅋㅋㅋㅋ,
2024-11-23 15:10:14,페하리도 망햇노,
2024-11-23 15:10:17,대 노 다>>>좆 몽 골,ㄷㄷ
2024-11-23 15:10:17,그냥 막스가 노리스 박으면 드챔아님?,ㅇㅇ
2024-11-23 15:10:17,대 황 끌,
2024-11-23 15:10:18,대황끌 ㅅㅅㅅ,캬
2024-11-23 15:10:20,드래그 얼마나 심하면 0.2초정도 벌어지냐,"깎은게 드래그 이정도인데 안깎았으면 ㄷㄷ
- dc official App"
2024-11-23 15:10:20,황 끌 레 르 ㅋㅋㅋㅋㅋㅋㅋ,
2024-11-23 15:10:22,황끌레르ㅅㅅㅅㅅㅅ,- dc official App
2024-11-23 15:10:23,대황끌 ~~~~~,
2024-11-23 15:10:24,캬,- dc official App
2024-11-23 15:10:25,우리퍼스트 ㅋㅋㅋㅋㅋㅋㅋㅋ,대끌레
2024-11-23 15:10:25,1위 ㅋㅋㅋ,
2024-11-23 15:10:25,RB가 1군이고ㅋㅋㅋㅋㅋㅋㅋㅋㅋㅋ,
2024-11-23 15:10:27,❗+❗+레드불 요약❗+❗+,
2024-11-23 15:10:28,대 황 끌,캬
2024-11-23 15:10:28,대황끌 ㅅㅅㅅㅅㅅㅅㅅ,
2024-11-23 15:10:30,신 강림.,- dc official App
2024-11-23 15:10:30,황끌 ㅅㅅㅅ,
2024-11-23 15:10:38,대 황 끌,ㅅㅅㅅㅅㅅㅅ
2024-11-23 15:10:39,대 황 끌,"황 라 리 의 주말
- dc official App"
2024-11-23 15:10:40,대 황 끌 ㅅㅅ,- dc official App
2024-11-23 15:10:40,잇츠 모빈 타임ㅋㅋㅋ,ㅋㅋ
2024-11-23 15:10:41,조커갑ㅋㅋㅋㅋ,
2024-11-23 15:10:42,예수님 입갤 ㄷㄷ,ㄷㄷ
2024-11-23 15:10:49,모비우스 ㅋㅋ,ㅋㅋ
2024-11-23 15:10:51,퀄리 지금이였네,놓칠뻔
2024-11-23 15:10:51,트랙 온도 오늘 많이 낮음?,
2024-11-23 15:10:53,와 단발 누나 ㅈㄴ이쁘노,- dc official App
2024-11-23 15:10:55,모빈타임 입갤 뭐노,지쟈스
2024-11-23 15:10:55,지금 쿨다운랩 하면서 피트 안들어가고 계속 도전하는거?,타이어 예열이 잘 안돼서 그러냐
2024-11-23 15:10:56,대황끌 미쳤네,
2024-11-23 15:10:57,대아제 ㅋㅋㅋㅋ,개꿀잼이다
2024-11-23 15:10:57,피아제 존나빠르네 씹 ㅋㅋㅋㅋㅋ,
2024-11-23 15:10:59,rb가 레드불 파츠 가져갔는데 레드불도 rb 파츠 몇 개 가져가라,ㄱㄱ
2024-11-23 15:11:03,와 대아제,일내나
2024-11-23 15:11:03,대아제 ㅋㅋㅋ,- dc official App
2024-11-23 15:11:03,맥 개빠르네 ㄹㅇ,- dc official App
2024-11-23 15:11:05,역사상 최고의 조커 배우 GOAT 입갤ㅋㅋㅋㅋㅋㅋㅋㅋㅋ,
2024-11-23 15:11:06,맥라렌의 참교육 ㅋㅋ,
2024-11-23 15:11:13,이거 트랙 에볼루션 ㅈ되는거아님?,기록들이 점점 빨라지는데?
2024-11-23 15:11:13,맹라렌 진짜 존나 빠르네,0.5초는 시발ㅋㅋ
2024-11-23 15:11:19,스피어 ㅋㅋㅋㅋㅋ,
2024-11-23 15:11:22,사적사 ㅋㅋㅌ,ㅋㅋㅋ
2024-11-23 15:11:27,맥라렌 시발 대체 뭘 가져온거냐,
2024-11-23 15:11:27,스피어 졸귀 ㅋㅋㅋ,
2024-11-23 15:11:28,가장 큰 적은 나 자신..,"ㅈ간지ㄷㅇ
- dc official App"
2024-11-23 15:11:29,자신과의 싸움 ㅋㅋ,
2024-11-23 15:11:32,눈깔 따라가는거 존나 무섭네 ㅋㅋㅋㅋ,ㅅㅂ
2024-11-23 15:11:33,맥라렌 원투시,앙기모띠
2024-11-23 15:11:36,저 라스베가스 동그란 건물 개귀엽네 ㅋㅋ,릴스로 여러번 본 기억이
2024-11-23 15:11:36,ㅈㄴ커엽노 스피어 ㅋㅋ,- dc official App
2024-11-23 15:11:55,토-잉 ㅋㅋ,
2024-11-23 15:11:57,와 개빠르다 ㅋㅋㅋㅋㅋ,
2024-11-23 15:11:59,스립스트림 낭낭하게 타노 ㅋㅋ,
2024-11-23 15:12:06,토잉보소ㅋㅋ,.
2024-11-23 15:12:06,352 ㄷㄷ,
2024-11-23 15:12:16,전략은 대라리,
2024-11-23 15:12:17,벌슈타펜 달린다!!!,
2024-11-23 15:12:20,몽골 정신차렸나?,- dc official App
2024-11-23 15:12:22,사인츠 굿,
2024-11-23 15:12:25,토잉 야무지네 ㅋㅋㅋㅋㅋ,
2024-11-23 15:12:26,대인츠 캬,ㅅㅅ
2024-11-23 15:12:29,오 사인츠,- dc official App
2024-11-23 15:12:29,사인츠 ㅅㅅ,- dc official App
2024-11-23 15:12:33,대아제 ㅋㅋㅋ,
2024-11-23 15:12:33,저렇게 토 받았는데 피아제보다 좀 느리네,
2024-11-23 15:12:37,토우 받고 달렸는데 걍 달린 피아제가 더 빠르네 ㅅㅂ,
2024-11-23 15:12:43,레드불 ㅈ됐어 ㅋㅋ,
2024-11-23 15:12:50,막붕이씨바끜ㅋㅋㅋㅋㅋㅋㅋㅋㅋㅋㅋㅋㅋㅋㅋㅋㅋㅋㅋㅋㅋㅋㅋ,
2024-11-23 15:12:50,토잉받고도 P1못찍네,허어
2024-11-23 15:12:55,황노다 344 ㅋㅋ,대황
2024-11-23 15:12:57,맥라렌 너무 센데 스읍,
2024-11-23 15:13:04,람비아제 왜 모자 뒤집어썻냐ㅋㅋㅋㅋㅋ,
2024-11-23 15:13:09,대황셀 1등,
2024-11-23 15:13:12,쥬지 샷 ㅋㅋㅋ,
2024-11-23 15:13:12,대러셀,- dc official App
2024-11-23 15:13:13,러셀 기습 1위 ㅋㅋ,
2024-11-23 15:13:17,레드불 엔지니어는 소라게모드네,쏘옥
2024-11-23 15:13:22,엉뜨의 힘 ㄷㄷㄷ,대메르
2024-11-23 15:13:22,대쥬지 뭔데,
2024-11-23 15:13:25,대물쥬지 P1ㄷㄷㄷ,
2024-11-23 15:13:29,르끌 자이로캠이네,
2024-11-23 15:13:33,르끌만 느려 왜,
2024-11-23 15:13:41,르끌 이번랩은 트래픽땜에 기록 아쉽네,
2024-11-23 15:13:45,슨트롤은 차 못고쳣네,
2024-11-23 15:13:44,체황 Q1딱 가나?,
2024-11-23 15:13:46,쥬지 걍 우승하자 ㄹㅇ,ㅇ
2024-11-23 15:13:50,드디어 하스가 움직인다,ㄱㄱ
2024-11-23 15:13:52,르글럭 오늘 자이로네,저번에도 르끌이 한번 썼던거같은데
2024-11-23 15:13:53,맥라렌 빠르네 ㄷㄷ,
2024-11-23 15:13:58,직선코스 개발리네..,- dc official App
2024-11-23 15:13:59,대황끌 ㅅㅅㅅㅅ,굳굳
2024-11-23 15:14:01,트롤 못 나오나보네,
2024-11-23 15:14:01,대끌 ㅋㅋㅋㅋ,ㅋㅋㅋㅋ
2024-11-23 15:14:03,르끌 굿 p2,
2024-11-23 15:14:04,오 황끌레,- dc official App
2024-11-23 15:14:05,르끌 2위 ㄷㄷ,
2024-11-23 15:14:06,도련놈 레드플래그 냈던거 수리못함?,왜안나와
2024-11-23 15:14:07,르끌 트래픽만 아니였어도,
2024-11-23 15:14:11,대끌레ㄷㄷㄷㄷㄷ,ㄷㄷㄷ
2024-11-23 15:14:13,맥라렌 존나 쎄네,"페라리 컨챔은 힘들려나 ㅠ
- dc official App"
2024-11-23 15:14:21,페라리 온보드 마음에 드네,속도감이 전에비해 많이늘어남
2024-11-23 15:14:25,페레즈만ㅋㅋㅋㅋ,ㅋㅋ
2024-11-23 15:14:37,케로 체코 고로시 ㅋㅋㅋ,
2024-11-23 15:14:40,페레즈야 ㅋㅋㅋㅋㅋㅋㅋㅋㅋ,제발 ㅋㅋㅋㅋㅋㅋ
2024-11-23 15:14:42,하스 뭐하노??,
2024-11-23 15:14:49,4강인데 왜 탑텐이 어렵죠?,4강에 한팀당 드라이버 두명이면 탑 에잇이 정상 아닌가요????
2024-11-23 15:14:50,에펠탑 있는거 보니까 알핀 홈그랑프리네,알핀 우승가보자~~!
2024-11-23 15:14:50,하스 왜저럼,아깐 잘하더니
2024-11-23 15:14:52,"""탑4 중 페레즈만 탑10에 들기 어려워 보인다""",왜곡 없음
2024-11-23 15:14:55,레이싱 포인트 ㅋㅋㅋㅋ,ㅋㅋ
2024-11-23 15:15:06,돌아온 레이싱포인트,
2024-11-23 15:15:06,체코는 ㄹㅇ 대단하네,ㄹㅇ
2024-11-23 15:15:25,하스 ㄱㅊ한데,
2024-11-23 15:15:32,체황 설마 또?,
2024-11-23 15:15:34,딱 요즘 하스 기록,
2024-11-23 15:15:34,도련놈 왜저럼?,연습때 사고라도남?
2024-11-23 15:15:40,설마 병신 q1딱 하는거 아니제?,- dc official App
2024-11-23 15:15:44,"""대체 노쪽이 퍼스트로 무슨 드챔을 노리겠다고""","계속 팀 오더를 요구하는지도 모르겠지만
오더 내려줘도 스타트 병신이 너희들의 퍼스트"
2024-11-23 15:15:45,체황 설마 또 Q1딱?,
2024-11-23 15:15:46,체황 보여주나?!,"q1딱 보여주나?!
- dc official App"
2024-11-23 15:15:46,저우 레저늗,
2024-11-23 15:15:51,병신 Q1딱인가,ㅋㅋㅋㅋㅋ
2024-11-23 15:15:54,체황 파멸의 q1딱 레츠고,ㄱㄱㄱㄱ
2024-11-23 15:15:56,자우버보다 느리면 어떡하니,레드불 정상화는 체황
2024-11-23 15:16:00,갤주님 또 q1딱이냐,ㅋㅋ
2024-11-23 15:16:04,병신 왜 랩 기록 안함??,
2024-11-23 15:16:06,저우 q2가냐 제발,제발
2024-11-23 15:16:08,콜라는 한번도 웜업 랩인가,
2024-11-23 15:16:08,야 씨발 18위는 솔직히 아니 시발,
2024-11-23 15:16:09,막스 ㅅㅂㅋㅋㅋ,
2024-11-23 15:16:09,에이 설마 또 Q1딱을,상식적으로 인간이면ㅋㅋㅋㅋㅋ
2024-11-23 15:16:10,막스 1위 ㅅㅅㅅㅅㅅㅅㅅㅅ,
2024-11-23 15:16:10,대 몽 골,
2024-11-23 15:16:12,막삳 ㄷㄷㄷㄷ,ㄷ
2024-11-23 15:16:12,막스 기습 p1 ㅋㅋㅋㅋ,
2024-11-23 15:16:13,아......,- dc official App
2024-11-23 15:16:13,체황 라스트랩 드가자~~,
2024-11-23 15:16:16,대몽골ㅋㅋㅋㅋ,- dc official App
2024-11-23 15:16:15,대 몽 골ㄷㄷㄷㄷㄷㄷㄷ,ㄷㄷㄷㄷㄷ
2024-11-23 15:16:16,막스 미친놈 ㅋㅋㅋ,와
2024-11-23 15:16:17,막가놈 걱정은 하는거 아니다ㅋㅋㅋㅋㅋㅋ,
2024-11-23 15:16:20,저우 미친 ㅋㅋㅋ,- dc official App
2024-11-23 15:16:21,미친 몽골리안새끼,
2024-11-23 15:16:21,어 ㅈ까 ㅋㅋㅋㅋㅋㅋ,
2024-11-23 15:16:22,오콘 왤캐 쳐느리지,뭔데
2024-11-23 15:16:23,대 막 스 ㄷㄷㄷ,ㄷㄷ
2024-11-23 15:16:24,막스 기습일등ㄷㄷ,- dc official App
2024-11-23 15:16:24,대 몽 골,하 ㅋㅋ
2024-11-23 15:16:27,몽골호로섹스폴출발ㅋㅋㅋㅋㅋㅋㅋㅋㅋㅋㅋㅋㅋㅋㅋㅋㅋㅋㅋㅋㅋ,
2024-11-23 15:16:32,몽골 미친놈ㅋㅋㅋㅋㅋㅋㅋㅋ,
2024-11-23 15:16:34,막가놈 온몸비틀기 ㅋㅋ,
2024-11-23 15:16:40,어 형이야.,4연챔(예정) 막스 형이야.
2024-11-23 15:16:42,리어윙 저지랄 나고도 어케든 기록 쳐만드네 ㅋㅋㅋ,머하는 새끼냐 진짜
2024-11-23 15:16:43,체코 제발 트래픽,
2024-11-23 15:16:44,체코 또 Q1딱하나?,- dc official App
2024-11-23 15:16:45,앞에서 봐도 뒤에서 봐도 레드불 1등 ㄷ,
2024-11-23 15:16:45,보타스보다 느린건 ㅋㅋㅋㅋ,
2024-11-23 15:16:47,체황 ㅋㅋㅋ,
2024-11-23 15:16:47,보타스보다 느렸다,
2024-11-23 15:16:48,아니 가내수공업 윙이 진짜 통한다고?,어케했노
2024-11-23 15:16:49,보타스보다 느리면 시발아;;;,;;
2024-11-23 15:16:49,뭐야 주관유 설마 Q2 감?,아 ㅋㅋㅋ
2024-11-23 15:16:51,보타스보다 섹터1 느린건 ㄹㅇ 공포네,
2024-11-23 15:16:51,대체코 Q1딱 각인데?,ㅋㅋㅋㅋ
2024-11-23 15:16:54,막스는 1위 병신은 18위,에휴 시발
2024-11-23 15:16:59,막가놈 똥꼬쇼하네ㅋㅋㅋ,어케했노
2024-11-23 15:17:01,짱깨 Q2 가겠노,시즌중에나 잘하지 다 끝나가는데 이제 잘하면 어떡함
2024-11-23 15:17:05,섹터타임 초록색인데 보타스보다 느림 ㅋㅋㅋㅋㅋ,
2024-11-23 15:17:07,병신 진짜 ㅋㅋㅋㅋ,"돈주고 시트 샀는데
바로 Q1딱 하겠네
- dc official App"
2024-11-23 15:17:13,잠깐 한눈팔고 있었더니 막스 왜 1위임?,이번엔 레드불 성능 별로인가 했는데 왜 1위가있지
2024-11-23 15:17:14,근데 보타스 에너지 반밖에 안쓰네 와저러노,"반도 안썼노
- dc official App"
2024-11-23 15:17:17,대 관 우,- dc official App
2024-11-23 15:17:22,체황 눈물의 레이스ㅠㅠ,"이겨야한다..!
- dc official App"
2024-11-23 15:17:23,주관유 Q2 얼마만에 가는거냐?,ㅈㄴ 오랜만같은데
2024-11-23 15:17:29,오늘 몽골 폴이면 ㄹㅇ 쌉인정한다,ㄹㅇ
2024-11-23 15:17:32,물탕이 속도 뭐임,
2024-11-23 15:17:34,트랙 도미넌스 꼬라지 ㅋㅋㅋㅋ,- dc official App
2024-11-23 15:17:38,진짜병신저씨발새끼좀잘라라씨발,제발꺼져 좀 씨발!!!!!!
2024-11-23 15:17:43,알밑페 ㅋㅋㅋ,병신....
2024-11-23 15:17:44,윌한테 직빨 다 따이네 씹 ㅋㅋㅋ,
2024-11-23 15:17:49,12위 ㅋㅋㅋㅋㅋㅋ,
2024-11-23 15:17:50,쥬지 달린다,
2024-11-23 15:17:52,체코 진짜 노답이네 ㅋㅋㅋ,"그냥 기량에 존나게 떨어진다고 밖에
- dc official App"
2024-11-23 15:17:53,체코 진짜 좆됐는데,
2024-11-23 15:17:53,대체코 12  ㅋㅋ,흠
2024-11-23 15:17:54,어떻게 같은차인데 한놈은 P1 한놈은 Q1 ㅋㅋ,ㅋㅋ
2024-11-23 15:17:55,저우보다 느린 체콬ㅋㅋㅋㅋㅋㅋㅋㅋㅋㅋㅋㅋㅋㅋㅋㅋㅋ,ㅋㅋㅋㅋㅋㅋㅋㅋㅋㅋㅋㅋㅋㅋㅋㅋㅋㅋㅋㅋㅋㅋㅋㅋㅋㅋㅋㅋㅋㅋㅋㅋㅋㅋㅋㅋㅋㅋㅋㅋㅋㅋㅋㅋㅋㅋㅋㅋ
2024-11-23 15:17:58,쥬지 퍼플 캬 ㅋㅋㅋ,ㅋㅋ
2024-11-23 15:17:57,페레즈 더 못달리잖아 q1딱 각인데,
2024-11-23 15:17:58,저우보다 느린건 진짜 병신이네 ㅋㅋㅋㅋ,ㅅㅂㅋㅌㅌㅌ
2024-11-23 15:17:59,도련놈은 아에 나오지도 않네 ㅋㅋㅋ,뭐 차에 문제 있는거야 아니면 그냥 배 째라는거야 ㅋㅋ
2024-11-23 15:18:03,체코 병신ㅋㅋㅋㅋㅋ,"ㅋㅋㅋㅋㅋㅋㅋ
- dc official App"
2024-11-23 15:18:04,스트롤 성님 제발 체코 q1딱 시켜주세요,"ㅈㅂ
- dc official App"
2024-11-23 15:18:07,쥬지 퍼플 ㄱㄱ,
2024-11-23 15:18:09,저밑체 ㅋㅋㅋㅋㅋㅋㅋㅋㅋ,"ㅋㅋㅋㅋㅋ
- dc official App"
2024-11-23 15:18:08,자지 개빠르네 ㄹㅇ,
2024-11-23 15:18:10,이젠 Q1딱이냐 병신새끼 진짜,ㅅㅂ
2024-11-23 15:18:11,쥬지 개또라이네ㅋㅋㅋ,ㅋ
2024-11-23 15:18:12,대쥬지,
2024-11-23 15:18:12,러셀 뭐노ㅋㅋㅋ,- dc official App
2024-11-23 15:18:16,ㄷㅐ황셀 퍼플 ㅋㅋㅋㅋㅋㅋ,ㄷ
2024-11-23 15:18:17,보라쥬지ㄷㄷㄷ,
2024-11-23 15:18:18,러셀 올퍼플 기냐??,
2024-11-23 15:18:17,쥬지 풀발중 ㄷㄷ,
2024-11-23 15:18:19,메르 뭔데,오
2024-11-23 15:18:20,몽골이차빨인이유ㅋㅋㅋㅋㅋㅋㅋㅋㅋㅋㅋㅋㅋㅋㅋㅋㅋㅋㅋㅋㅋ,"수제작
코치빌더이새끼야ㅋㅋㅋㅋㅋㅋㅋㅋㅋㅋㅋㅋㅋㅋㅋㅋㅋㅋㅋㅋㅋㅋㅋㅋㅋㅋㅋㅋㅋㅋㅋㅋㅋㅋㅋㅋㅋㅋㅋㅋㅋㅋㅋㅋㅋㅋㅋㅋㅋ"
2024-11-23 15:18:23,똠병신 트랙 도미넌스.jpg,
2024-11-23 15:18:24,페레즈 위 저우는 ㅋㅋㅋㅋ,- dc official App
2024-11-23 15:18:24,대쥬지 미친질주중ㅋㅋㅋㅋ,
2024-11-23 15:18:27,자지 쥰나 달려라,
2024-11-23 15:18:29,쥬지 올퍼플 가냐???,???
2024-11-23 15:18:33,대물탕 ㅋㅋㅋㅋㅋㅋ,
2024-11-23 15:18:33,대밀턴 ㅋㅋㅋ,캬
2024-11-23 15:18:34,체황 저우한테도 지노ㅋㅋㅋㅋㅋ,"ㅋㅋㅋ
- dc official App"
2024-11-23 15:18:33,대물탕 ㅋㅋㅋㅋㅋㅋ,
2024-11-23 15:18:38,메르 시발 ㅋㅋㅋㅋㅋㅋ 뭐노,ㄷㄷㄷ
2024-11-23 15:18:40,올해 알던 메르가 아닌데 ㅋㅋㅋㅋ,
2024-11-23 15:18:42,메르 미쳤노 그냥 ㅋㅋㅋㅋ,ㅅㅂ ㅋㅋㅋㅋㅋ
2024-11-23 15:18:43,대황메르 원투 ㅋㅋㅋㅋㅋㅋㅋ,
2024-11-23 15:18:43,올퍼플 ㄲㅂ,
2024-11-23 15:18:43,메르듀오 이궈궈던,ㄹㅇ
2024-11-23 15:18:43,대 메 르,- dc official App
2024-11-23 15:18:44,메르 미쳤나 ㅋㅋㅋ,
2024-11-23 15:18:46,레전드 ㅌㅌㅌㅌㅌㅋ,
2024-11-23 15:18:50,메르 원투 ㅁㅊ,ㄷ
2024-11-23 15:18:53,메르 치매걸렸나 왜 빠름ㅋㅋ,
2024-11-23 15:18:54,실버에로우 섹스ㅋㅋㅋ,캬
2024-11-23 15:18:54,대메르,잘한다
2024-11-23 15:18:55,메르의 기상ㄷㄷㄷ,ㄷㄷㄷ
2024-11-23 15:18:57,오 콜라,굿
2024-11-23 15:18:57,32초 보겠네,개빠르네
2024-11-23 15:18:58,메르 지리네ㅋㅋㅋㅋㅋㅋ,"다들 준비 ㅈㄴ 해왓다
- dc official App"
2024-11-23 15:18:58,도련놈 나왔네,오
2024-11-23 15:18:59,어어 체황,
2024-11-23 15:19:03,체코 쭉쭉 떨어진다 ㅋㅋㅋㅋㅋㅋㅋㅋㅋㅋㅋ,
2024-11-23 15:19:05,메르 개같이 부활 ㅋㅋㅋㅋㅋㅋㅋㅋㅋㅋㅋㅋㅋㅋㅋㅋㅋ,21이전 메르 복귀 ㄷㄷ
2024-11-23 15:19:07,병신 드가자,
2024-11-23 15:19:07,페레스와 저우관위의 휠투휠이 이뤄집니다!,"14번 코너에서 추월을 시도하는 페레스! 하지만 추월에 실패합니다.
세르히오 페레스! 18위로 경기를 마무리합니다."
2024-11-23 15:19:08,슨트롤 나왔네????,어떻게했냐
2024-11-23 15:19:09,체코 비상!!!,
2024-11-23 15:19:12,체코 사망ㅋㅋㅋㅋㅋㅋㅋㅋㅋㅋㅋㅋ,
2024-11-23 15:19:13,오늘도 외쳐본다,"병!
신!
Q1 탈락!"
2024-11-23 15:19:13,스트롤 똥꼬쇼 시발 ㅋㅋㅋㅋㅋ,
2024-11-23 15:19:14,병신 탈락 ㅋㅋㅋㅋㅋㅋㄱㅋ,
2024-11-23 15:19:14,대노다 래츠고 ㅋㅋ,
2024-11-23 15:19:14,체코 Q1딱 확정 씨발 ㅋㅋㅋㅋ,
2024-11-23 15:19:15,역시 병신은 체황 ㅋㅋㅋㅋㅋㅋ,ㅋㅋㅋㅋㅋㅋㅋㅋ
2024-11-23 15:19:15,스트롤 언제 나옴 ㅋㅋㅋㅋㅋㅋㅋㅋㅋ,
2024-11-23 15:19:16,체코사망 ㅋㅋㅋㅋㅋㅋㅋㅋㅋㅋㅋ,ㅋㅋㅋㅋㅋㅋㅋ
2024-11-23 15:19:16,체코 사망ㅋㅋㅋㅋㅋㅋㅋㅋ,
2024-11-23 15:19:16,스트롤 존나 짠하네 ㅋㅋㅋㅋㅋㅋㅋㅋㅋ,
2024-11-23 15:19:16,체코의 Q1딱ㅋㅋㅋ,캬캬캬
2024-11-23 15:19:17,대 병 신,
2024-11-23 15:19:17,체황 따운!!ㅋㅎㅋㅎㅋㅋㅎㅋㅎㅋㅎㅋㅋㅎㅋ,- dc official App
2024-11-23 15:19:18,병신 q1딱ㅋㅋㅋㅋ,ㅋㅋ
2024-11-23 15:19:21,메르세데스의 주말 ㅋㅋㅋㅋ,미친놈들 빠르네
2024-11-23 15:19:21,체황 사망ㅋㅋㅋㅋㅋ,"ㅋㅋㅋㅋ
- dc official App"
2024-11-23 15:19:22,Q1딱 ㅋㅋㅋㅋㅋㅋㅋ,ㅋㅋㅋㅋㅋㅋㅋㅋㅋㅋ
2024-11-23 15:19:22,알바오 사망ㅋㅋㅋㅋㅋㅋㅋㅋ,
2024-11-23 15:19:23,병신 ㅋㅋㅋㅋㅋㅋㅋㅋ,- dc official App
2024-11-23 15:19:24,체코 시발ㅋㅋㅋㅋㅋ,따따따따따잇
2024-11-23 15:19:24,체호ㅏㅇ ㅋㅋ,
2024-11-23 15:19:24,체평 ㅋㅋㅋㅋㅋㅋㅋㅋㅋ,
2024-11-23 15:19:25,병신 Q1딱,"ㅋㅋㅋㅋㅋㅋ
ㅅㅂ"
2024-11-23 15:19:26,병신 사망 ㅋㅋㅋㅋㅋ,ㅋㅋㅋㅋㅋㅋ
2024-11-23 15:19:27,체코 따운!!!!ㅋㅋㅋㅋㅋㅋㅋ,
2024-11-23 15:19:27,병신 q1딱 ㅅㅂ ㅋㅋㅋㅋ,ㅋㅋㅌ
2024-11-23 15:19:27,똠 Q1딱 ㅋㅋㅋㅋㅋㅋㅋ,병신
2024-11-23 15:19:28,편밑체 ㅅㅂ ㅋㅋㅋㅋ,진짜 병신이노
2024-11-23 15:19:29,병신은 영원하다 ㅋㅋㅋㅋㅋ,- dc official App
2024-11-23 15:19:30,이제 포기 좀 해라 까브롱,ㄹㅇ
2024-11-23 15:19:29,진짜 개병신 Q1딱 ㅅㅂ,대단하다
2024-11-23 15:19:31,개병신 씨발 또 q1딱ㅋㅋㅋㅋㅋㅋㅋㅋㅋ,
2024-11-23 15:19:34,오 시바 도련놈 달린다,웜엄 없이 한 방에 Q2 가냐?
2024-11-23 15:19:34,포기해 개자식아!!!,!!
2024-11-23 15:19:34,병신과 머저리 컷 !!,
2024-11-23 15:19:36,병신ㅋㅋㅋㅋㅋㅋㅋㅋㅋ,
2024-11-23 15:19:39,저우가 살고 보타스가 죽는 퀄리..?,"이거 뭔가 잇다ㄷㄷ
- dc official App"
2024-11-23 15:19:42,웜업안한 스트롤 vs 할거다한 병신,누구승리??
2024-11-23 15:19:43,쟤왜쓰는거임?,ㄹㅇ
2024-11-23 15:19:44,F1 정상화는 역시 대체황 ㅋㅋㅋㅋㅋㅋ,
2024-11-23 15:19:45,개좆병신ㅋㅋㅋㅋㅋㅋㅋㅋㅋㅋㅋㅋㅋㅋㅋㅋㅋㅋㅋㅋㅋㅋㅋㅋㅋㅋㅋ,
2024-11-23 15:19:46,관우 q2,- dc official App
2024-11-23 15:19:47,■ 어 형이야.,
2024-11-23 15:19:48,"""감독님 살려주세요""",제가 잘할게요 제발
2024-11-23 15:19:49,스트롤 이걸 달리긴 하네 ㅋㅋㅋ,
2024-11-23 15:19:50,병신 사망 ㅋㅋㅋㅋㅋㅋㅋㅋㅋ,
2024-11-23 15:19:52,페레즈 이래도 안짜르냐 ㅋㅋㅋㅋ,
2024-11-23 15:19:52,개추하러옴,ㅇㅇ
2024-11-23 15:19:52,저우가 Q2에 갔는데 ㅋㅋㅋㅋㅋ,
2024-11-23 15:19:55,관우 생존 ㅊㅊㅊㅊ,
2024-11-23 15:19:57,도련놈이왜살아돌아와?????,ㅡㅡㅡ
2024-11-23 15:19:58,20위. ㅋㅋㅋㅋㅋㅋ,다시 들어가라
2024-11-23 15:19:59,체황 q1딱ㅋㅋㅋㅋ,
2024-11-23 15:20:01,저우 생존???,와
2024-11-23 15:20:01,엥 자우버가 q2에?,ㄷㄷ
2024-11-23 15:20:01,체코 이 미친새끼.,좀나가!!!!!
2024-11-23 15:20:00,웜업없이 체코랑 0.3초차 ㅋㅋㅋㅋㅋㅋ,
2024-11-23 15:20:02,애마 쌍으로 q1ㅈ닥 ㅋㅋㅋㅋㅋㅋ,ㅋㅋㅋ
2024-11-23 15:20:02,대관우 ㅋㅋㅋㅋㅋ,
2024-11-23 15:20:04,자밑레 ㅅㅂㅋㅋㅋㅋㅋㅋ,ㅋㅋㅋㅋㅋㅋㅋㅋ
2024-11-23 15:20:04,짱깨 Q2 ㅊㅊ,
2024-11-23 15:20:06,올림픽 정신ㅋㅋㅋㅋㅋㅋㅋㅋㅋㅋㅋㅋㅋ,참가에 의의를 ㅋㅋ
2024-11-23 15:20:07,스트롤 박스깜?,- dc official App
2024-11-23 15:20:07,저우q2 뭐야 ㅋㅋㅋㅋ,
2024-11-23 15:20:08,대저우 p14,F1 정상화는 저우
2024-11-23 15:20:08,짱깨 Q2 어케갔노 ㄹㅇ,- dc official App
2024-11-23 15:20:09,병신 ㅋㅋㅋㅋㅋㅋq1딱은 ㅅㅂ ㅋㅋㅋ,
2024-11-23 15:20:10,체코 사망 ㅋㅋㅋㅋ,
2024-11-23 15:20:14,이제 보내주자 체코는,하
2024-11-23 15:20:16,관우 뭔일이고 ㅋㅋㅋ,- dc official App
2024-11-23 15:20:16,쩌우 Q2 진출,"얼마만이냐 시발
- dc official App"
2024-11-23 15:20:18,저우 폴 함 주라,"ㅅㅂ 한번만 줘
- dc official App"
2024-11-23 15:20:20,체코 실화냐,진따 레전드네
2024-11-23 15:20:21,병신ㅋㅋㅋㅋㅋㅋㅋ,- dc official App
2024-11-23 15:20:22,자우버가 퇴근을 안하는대,체황은 퇴근 조져버리시네
2024-11-23 15:20:26,체황 진짜 왜안짤림?,"개좆뱡신인데
- dc official App"
2024-11-23 15:20:27,아니 국왕님은 뭐야,헐
2024-11-23 15:20:27,대콜라 ㅋㅋㅋ,ㅋㅋㅋㅋㅋ
2024-11-23 15:20:28,체코 이쯤되면 즐기고 있는거 아닐까,이래도 안 짤라? 이래도 안 짤라? 이래도 안 짤라?
2024-11-23 15:20:28,저밑체ㅋㅋㅋㅋㅋ,
2024-11-23 15:20:29,짱우관유 페라리 리저브 들어가려고 각성했노 ㅋㅋ,ㅋㅋㅋ
2024-11-23 15:20:28,저밑체 ㅋㅋㅋㅋㅋㅋㅋㅋ,병신ㅋㅋㅋㅋㅋㅋㅋㅋㅋㅋㅋ
2024-11-23 15:20:33,이래도 안짤라???,독하다 독해
2024-11-23 15:20:34,' P E R ',ㅋㅋㅋㅋㅋ
2024-11-23 15:20:34,자우버>>>애마 ㅋㅋㅋㅋㅋㅋㅋㅋ,중 화 대 인
2024-11-23 15:20:36,응 어쩌라고.,쫓아내봐 병신아 ㅋㅋ
2024-11-23 15:20:38,짐싸던 저우 엔지니어 화들짝,
2024-11-23 15:20:41,도련놈 웜업도 안 하고 저정도면 준수하네 ㅋㅋㅋㅋㅋ,저러고도 국왕이랑 0.2초정도밖에 차이 안 나니
2024-11-23 15:20:43,q2저우는 얼마만이냐,북딱스는 뭐...
2024-11-23 15:20:44,저우관유 드디어 진심모드 ㄷㄷㄷㄷㄷㄷㄷㄷ,힘숨찐 종료 ㄷㄷㄷㄷㄷㄷㄷㄷㄷㄷㄷ
2024-11-23 15:20:46,저밑체 로밑체 ㅋㅋㅋㅋㅋㅋㅋㅋ,Zㅋㅋㅋㅋㅋㅋㅋ
2024-11-23 15:20:50,"""뭐 어쩌라고""",내 스폰서들이 3천만 달러 꽂아줄 건데 불만있어?
2024-11-23 15:20:50,저밑체는 ㅋㅋㅋㅋㅋ,- dc official App
2024-11-23 15:20:51,레드불 컨챔은 사실상 끝이네,체코때문에 ㅋㅋ
2024-11-23 15:20:53,몽골은 뭐 수제작으로 했다며,체코는 또 왜저러는데
2024-11-23 15:20:55,리암로슨 레드불 세컨드라이버(진) 생존 ㅋㅋㅋㅋㅋㅋㅋㅋㅋ,
2024-11-23 15:20:57,저우보다 느리고 웜업없이달린 도련놈보다 0.3초빠른 체코,Q1사망ㅋㅋㅋㅋㅋㅋㅋㅋ
2024-11-23 15:20:58,안짤리는것도 신기하다,변명은 ㅅㅂㅋㅋ
2024-11-23 15:20:58,저우는 진짜 일부러 안달렸나,마지막되니까 좀 해보는거같은데
2024-11-23 15:20:59,진짜 팀메 반이라도 따라가봐 ㅅㅂ,제발
2024-11-23 15:21:01,속보) 자우버 간만에 토요일 연장근무 ㅋㅋ,
2024-11-23 15:21:01,‼+시발 내꺼 윙을 몽골보다 덜 잘랐다니깐‼+,내가 탈락할리 없잖아
2024-11-23 15:21:05,애마 장애인임?,존나멍청한새끼들
2024-11-23 15:21:07,저 체코병신새끼는 직빨서킷에서도 저지랄을 ㅋㅋㅋㅋㅋㅋ,ㅋㅋㅋㅋㅋㅋㅋㅋㅋㅋㅋㅋㅋㅋㅋㅋㅋㅋㅋㅋㅋㅋ
2024-11-23 15:21:07,채코 저새끼 입스같은거 걸림??,"진짜 병신인데
- dc official App"
2024-11-23 15:21:08,가끔 체코 자리에 rb 놈들 와도 체코 보다 잘할 보장 없다는 사람있는데,지금도 그렇게 생각하시나요
2024-11-23 15:21:13,스피어 시발ㅋㅋㅋㅋ,ㅋㅋㅋ
2024-11-23 15:21:16,이쯤되면 차빨 받은건 막가놈이 아니라 체-황 아님?,"같은 차로 같이 달려서 23시즌 1,2등 했고…
24시즌 같은 차로 달리는데 막가놈은 1등이고 체황은 씨발임
진짜 차빨 받은건 체황 아니냐? ㅋㅋㅋ"
2024-11-23 15:21:17,젠장 체코 이 드라이빙은 뭐냐!!,내 대가리가 뜨거워지고 있잖아
2024-11-23 15:21:19,스피어 조롱 ㅅㅂㅋㅎㅋㅎㅋㅎㅋㅋ,- dc official App
2024-11-23 15:21:20,스피어 농락 ㅋㅋㅋㅋ,
2024-11-23 15:21:20,스피어 인성 ㅋㅋㅋㅋㅋㅋㅋ,ㅋㅋㅋㅋ
2024-11-23 15:21:20,스피어 시발ㅋㅋㅋㅋㅋㅋㅋㅋ,ㅋㅋㅋㅋㅋㅋ
2024-11-23 15:21:21,스피어 멕이냐ㅋㅋㅋㅋㅋㅋㅋ,
2024-11-23 15:21:21,공개처형 ㅋㅋㅋㅋ,ㅋㅋㅋㅋㅋ
2024-11-23 15:21:21,1위랑 체코가 1초 차이긴 한데,"응 그래도 Q1딱이야
- dc official App"
2024-11-23 15:21:22,관우 ㄷㄷㄷ 번성 공방전 승리,
2024-11-23 15:21:22,스피어 티배깅 ㅋㅋㅋ,- dc official App
2024-11-23 15:21:22,고로시 ㅅㅂㅋㅋㅋㅋㅋㅋ,ㅋㅋㅋㅋㅋㅋ
2024-11-23 15:21:23,스피어 티배깅 씨발 ㅋㅋㅋㅋㅋㅋㅋㅋㅋㅋㅋㅋㅋㅋㅋㅋㅋㅋ,ㅋㅋㅋㅋㅋㅋㅋㅋㅋㅋㅋㅋㅋㅋㅋㅋ
2024-11-23 15:21:23,스피어마저 정상화 하는 체황ㅋㅋㅋ,
2024-11-23 15:21:23,멕시코 팬들 페레즈 사보타주 썰 믿을만 하노 ㅋㅋㅋ,정상적인 드라이버가 낼 수 있는 퍼포먼스가 아님 ㅋㅋㅋㅋㅋㅋㅋ
2024-11-23 15:21:24,스피어 티배깅 ㅋㅋㅋㅋㅋㅋ,ㅋㅋㅋㅋㅋㅋㅋㅋㅋㅋ
2024-11-23 15:21:25,체코 공개 고로시 ㅋㅋㅋㅋㅋ,- dc official App
2024-11-23 15:21:25,스피어 체코 고로시 ㅋㅋㅋㅋ,ㅋㅋㅋ
2024-11-23 15:21:26,체황 언제 방 뺌,ㄹㅇ
2024-11-23 15:21:26,스피어 티배깅ㅋㅋㅋㅋㅋㅋㅋ,"ㅋㅋㅋ
- dc official App"
2024-11-23 15:21:26,저우 연장근무 ㅋㅋㅋㅋ,- dc official App
2024-11-23 15:21:27,ㅋㅋㅋㅋㅋ 체코 스피어도르 수상,"ㅋㅋ
- dc official App"
2024-11-23 15:21:28,없어지는거보니짤린다는의미노ㅋㅋㅋㅋㅋㅋㅋㅋㅋㅋㅋㅋㅋㅋㅋㅋㅋㅋㅋ,
2024-11-23 15:21:29,ㅋㅋㅋㅋㅋㅋㅋㅋ고로시해버리네,개웃기노
2024-11-23 15:21:31,스피어 ㅋㅋㅋㅋㅋㅋㅋㅋㅋ,
2024-11-23 15:21:32,공식 고로시 ㅋㅋㅋ,
2024-11-23 15:21:34,콜라가 와도 체코보단 잘 탈 듯ㅋㅋㅋ,
2024-11-23 15:21:36,스피어 체코 고로시 ㅋㅋㅋㅋ,개너무하네 ㅋㅋㅋ
2024-11-23 15:21:36,알론소가 못한거야 도련님이 잘한거야,뭐지
2024-11-23 15:21:37,초록색이 문제가 많네,애마 자우버 ㅅㅂ
2024-11-23 15:21:39,고로시 시발아 ㅋㅋㅋ,ㅋㅋ
2024-11-23 15:21:40,페레즈 스피어 능욕 ㅋㅋㅋㅋ,ㅋㅋㅋㅋ
2024-11-23 15:21:45,21에서의 짐승은 어디가고 금수새끼가,이제 포기해 개자식아!!!!
2024-11-23 15:21:48,도련놈 한번에 저 기록이면 ㅅㅌㅊ아님?,체코 이 병신새끼
2024-11-23 15:21:51,다음달 대문 스피어 각이다 ㄹㅇ,안하면 주딱 감다뒤
2024-11-23 15:21:51,저거 짤 따줘,ㅇ
2024-11-23 15:21:51,체평 아무리봐도 바쿠에서 p3 p4 피니시 했어야했음,아예 사람이 그냥 가버린거같은데
2024-11-23 15:21:52,스피어 체코 고로시한거 콘나오면 잼쓸듯,- dc official App
2024-11-23 15:21:55,똠 극대노 ㅋㅋㅋㅋㅋ,
2024-11-23 15:21:58,똠은 어디서 나갔길래,
2024-11-23 15:21:58,저새끼 오바이트 하는데요?,
2024-11-23 15:21:58,저우 팀메 이긴거 올해 처음 아니냐,ㅋㅋㅋㅋ
2024-11-23 15:22:00,체코 고로시짤.jpg,
2024-11-23 15:22:00,짱밑체 ㅋㅋㅋㅋㅋ,- dc official App
2024-11-23 15:22:02,으아!!!!,- dc official App
2024-11-23 15:22:03,아 갤 보다가 스피어 못봤다. 뭐였음??,
2024-11-23 15:22:04,역시 대황천조국의 자랑 스피어 ㅋㅋㅋㅋㅋ,ㅋㅋㅋㅋㅋㅋ
2024-11-23 15:22:06,ㅇ유오오ㅓㅅ?,
2024-11-23 15:22:09,보타스 눈 촉촉하신데?,- dc official App
2024-11-23 15:22:10,근데 도련놈 왜 마지막에 나옴??,뭔일 있나
2024-11-23 15:22:15,역시 대황천조국의 자랑 스피어 ㅋㅋㅋㅋㅋ,ㅋㅋㅋㅋㅋㅋ
2024-11-23 15:22:14,2024 라스베이거스 그랑프리 FP3 텔레메트리 데이터,"https://twitter.com/F1TelemetryData/status/1860194137107988729?t=QdvZE_d-RaTzqHo04-b4ag&s=19
F1 Telemetry Data님(@F1TelemetryData)
? 2024
twitter.com"
2024-11-23 15:22:29,애마는 잤냐?,ㅋㅋㅋ
2024-11-23 15:22:31,국왕님 1년 반 버티기 참 힘드노 ㅋㅋㅋ,
2024-11-23 15:22:37,자우버 조기퇴근 실패ㅋㅋㅋㅋ,"ㅋㅋㅋㅋ
- dc official App"
2024-11-23 15:23:04,ㅋㅋㅋㅋㅋㅋㅋㅋㅋㅋㅋㅋㅋㅋㅋㅋㅋㅋㅋㅋㅋㅋ,
2024-11-23 15:23:04,리빙팁 ) 짱깨가 체코보다 빠름,- dc official App
2024-11-23 15:23:17,애마는 향상이 없어,병신
2024-11-23 15:23:19,빌리지 손가락 그랑프리,ㅋㅋㅋㅋㅋ
2024-11-23 15:23:24,보타스 vs 저우 차량데이터,"D1 보타스
D2 저우
Align graph endpoint 활성화된거
- dc official App"
2024-11-23 15:23:34,도련님 웜업 못하고 달린거냐 저거,그랫으면 웜업 잇엇음 q2 갓겟는데
2024-11-23 15:23:37,어이 한국 황금 시간대라며?,오늘은 늦게 자게 해줄게
2024-11-23 15:23:43,지금 병신보다 이분이 잘탈거 같으면 개추,
2024-11-23 15:23:43,근데 신기한 게 이제 막 빵 터질 정도로 웃기진 않음,내 뇌가 체코 Q3 진출 실패가 이상한 일이 아니라고 여기기 시작해서 더 웃기긴 함 ㅋㅋㅋㅋㅋ
2024-11-23 15:24:13,???: ㅋㅋㅋㅋㅋ,"""형 개못하잖아 ㅋㅋㅋㅋ""
""야 다시떠""
""응 안돼 ㅋㅋㅋㅋ""
- dc official App"
2024-11-23 15:24:19,❗+❗+❗+체코 Q1 탈락 사유 떴다 ❗+❗+❗+,스트리퍼 보려고 먼저 퇴근했다고 합니다
2024-11-23 15:24:26,하스 쌍으로 ㅋㅋ,
2024-11-23 15:24:32,어디가노 ㅋㅋㅋ,
2024-11-23 15:24:34,아시아 시간대라고 q2 가주는거봐 시발,스윗짱남 ㅠㅠ
2024-11-23 15:24:43,어라이거완전,헉ㅋㅋ
2024-11-23 15:24:53,대따거햄...,q2까지 통과 해다오
2024-11-23 15:25:12,저우 어제 엄마 왔던데 마마 파워냐,- dc official App
2024-11-23 15:25:18,저우관유 q2 진출은 10경기만이네,영국때 q2 진출하고 14위 했던거 같은데
2024-11-23 15:25:23,막스 ㄹㅇ 미친놈인거 같음,그냥 온 세상이 억까하는데 실력으로 q1 3등인 ㅋㅋㅋ
2024-11-23 15:25:51,오늘은 저우가 폴 딴다,나머지는 다 사고로 기록 못냄
2024-11-23 15:26:23,가운데 막스 닮았네,"ㄷㄷ
- dc official App"
2024-11-23 15:26:44,따거햄 Q3 가면 와퍼 단품 하나,글댓합 69 이상
2024-11-23 15:26:57,???: 이번 결과는 우리가 원하던 결과가 아니다,"???: 퀄리파잉 결과는 실망스럽지만, 내일 본 레이스에 모든걸 쏟겠다
(17 위를 하며)"
2024-11-23 15:26:59,저우 영국 이후로 q2 진출,이라함
2024-11-23 15:27:05,피아제 썼던타이어네?,???
2024-11-23 15:27:34,ZHOT 탈출하자,
2024-11-23 15:27:46,이제 알핀 큐2가는건 당연한일이됐네,최근에 폼 좋아보이노 둘다
2024-11-23 15:27:57,??? : 저우관유가 나보다 빨랐다고?,"?????????
아! 킥자우버가 레드불보다 좋은차구나!
뭐병신아 내말이 틀려?
- dc official App"
2024-11-23 15:28:09,퀄리파잉은 몇번까지 함요?,순위 짤라서 계속 하는거같던데
2024-11-23 15:28:20,혹시 타이어는 무제한임?,"무제한으로 계속 주는거야
아니면 레이스마다 타이어 몇개씩 제한이 있는거야?"
2024-11-23 15:29:09,체코 1ㅕㅇ신새끼노,"애미
- dc official App"
2024-11-23 15:29:16,대 헐 크,
2024-11-23 15:29:19,대 헐 크,- dc official App
2024-11-23 15:29:20,대 하 스 ㅋㅋㅋ,
2024-11-23 15:29:24,헐크 1위ㅋㅋㅋ,- dc official App
2024-11-23 15:29:25,헐크 p1ㅋㅋㅋㅋ,
2024-11-23 15:29:26,오늘 자이로캠은 누구임?,"자이로캠이 보는맛잇는데
- dc official App"
2024-11-23 15:29:29,피트에서 드라이버 앞 가리는 판은 뭐임?,"눈 앞에 뭐 가리고있는 판 출발 직전에 올리던데
- dc official App"
2024-11-23 15:29:33,대 물 탕,- dc official App
2024-11-23 15:29:34,스피여 움짤 ㅇㅇㅇgif,ㅇㅇ
2024-11-23 15:29:36,"“어이 한국, 너희 이번주 황금시간대 라지?”","이래도 중국몽 지지 안해?
- dc official App"
2024-11-23 15:29:39,대 밀 톤,- dc official App
2024-11-23 15:29:42,"P1, P1",
2024-11-23 15:29:47,대 헐 크 ㄷㄷㄷㄷ,초디엄가냐
2024-11-23 15:29:48,원투가 물탕 헐크 ㅋㅋㅋㅋ,
2024-11-23 15:29:51,친자호소인 입갤ㅋㅋㅋㅋ,
2024-11-23 15:29:56,체코 고로시하는 스피어,- dc official App
2024-11-23 15:30:00,믹ㄹ혜 ㅋㅋㅋ,
2024-11-23 15:30:13,페라리는 계속 늦게나오네,타이어 데우다 나오나
2024-11-23 15:30:15,내년 레고 큰 사이즈로  나온다는데,무조건 사야지
2024-11-23 15:30:18,똥라리 뭐함,왜핏인?
2024-11-23 15:30:18,믹슈 뭐노 ㅋㅋ,
2024-11-23 15:30:36,믹슈는 내년에는 야예 못보냐,알핀 리저브는 자리없나
2024-11-23 15:30:38,q3 까지 하면 지금 q2에는 힘을 전부 쏟거나 이러진 않겠네요?,적당히 순위에만 들고 q3에 올인하는 이런식인가요
2024-11-23 15:30:40,몽노가 물탕이를 못 넘는데 ㅋㅋㅋㅋ,
2024-11-23 15:30:41,0.001 ㄷㄷㄷ,- dc official App
2024-11-23 15:30:41,0.001 ㅋㅋㅋㅋ,
2024-11-23 15:30:44,0.001초차 ㅋㅋ,ㅋㅋㅋㅋㅋ
2024-11-23 15:30:47,피아 0.001 뭔데,빠르다
2024-11-23 15:30:47,0.001초 차 ㅋㅋㅋ,ㅋㅋㅋ
2024-11-23 15:30:49,페라리 타이어 온도 때문에 힘든가보네,돌다가 도로 피트로 들어감…
2024-11-23 15:31:11,6노다 ㅋㅋㅋㅋ,
2024-11-23 15:31:20,의외로 페좆보다 빠른거,"""말"""
2024-11-23 15:31:20,와 역대 최고속 기록은 보타스가 갖고있네,"서킷에서 378km/h
ㄷㄷ;;"
2024-11-23 15:31:34,저항이 적은 이야기하는데 왜 대머리 보여줌?,인성이....
2024-11-23 15:31:40,방금 맥아재들 왜 낯익냐,누군진 모름
2024-11-23 15:32:12,노콘은 Q2딱하겠네,에휴
2024-11-23 15:32:46,페라리 옷 입은 리카도인줄,"개닮았노
- dc official App"
2024-11-23 15:33:05,오랜만에 햄막 구도 모드 ㅋㅋㅋㅋ,
2024-11-23 15:33:24,막스 꽤 빠른데,
2024-11-23 15:33:25,몽골 빠르네 ㅋㅋㅋ,ㅋㅋㅋ
2024-11-23 15:33:28,막스 ㅈㄴ 빠르다 ㅋㅋㅋㅋㅋ,ㅁ
2024-11-23 15:33:32,벽애 붙어가네 미친놈 ㅋㅋㅋㅋ,- dc official App
2024-11-23 15:33:41,아니 레드불 좆망이라며 왜 빠름?,또 샌드배깅이엇던거임?
2024-11-23 15:33:52,저런 차를 타고 q1딱한 대체코,ㅋㅋ
2024-11-23 15:33:54,저우 뭐냐?,지각 했는데 왜 아직 있음?
2024-11-23 15:34:00,스피어마저 헐크가 몽골 위네 ㅅㅂ ㅋㅋㅋ,
2024-11-23 15:34:02,어 우 막,- dc official App
2024-11-23 15:34:08,이래도 0.05밖에 차이 안 나네,
2024-11-23 15:34:10,아 시발 드래그 덩어리 시발 ㅋㅋㅋㅋ,하
2024-11-23 15:34:14,아니 시발 같은 팀에서 한명은 1등이고 나머지는 q1딱 ㅋㅋ,"ㅋㅋㅋㅋㅋ
- dc official App"
2024-11-23 15:34:19,막스 섹터3가 계속 아쉽네,"저기만 어케 하면 지릴거같은데
- dc official App"
2024-11-23 15:34:25,쥬지 또 달린다 ㄷㄷㄷ,ㄷㄷㄷㄷㄷ
2024-11-23 15:34:25,아니 좆라리 머해ㅐㅐㅐㅐ,씨발아
2024-11-23 15:34:28,P1 대 Q1 ㄷㄷ,
2024-11-23 15:34:31,쥬지 또 달린다 ㅋㅋㅋ,
2024-11-23 15:34:37,섹터3는 좀 느렷네,음
2024-11-23 15:34:37,메르의 기상ㄷㄷㄷㄷ,ㄷㄷㄷㄷㄷ
2024-11-23 15:34:39,쥬지 풀발중 ㅋㅋㅋ,ㅋㅋㅋ
2024-11-23 15:34:41,쥬지 존나 빠르노,
2024-11-23 15:34:45,올퍼플 즈가자잇,
2024-11-23 15:34:47,야 역시 대황벤츠!,벤츠 머신 개빠르네 ㄷㄷ
2024-11-23 15:34:48,쥬지 미친새끼 ㅋㅋㅋㅋㅋㅋ,ㅋㅋㅋㅋ
2024-11-23 15:34:52,레드불은 차량 평가하기 조오오온나 빡신이유가,"한놈은 똥차줘도 잘달릴놈
한놈은 위닝카줘도 좆박을놈
이라서
중간이 없음."
2024-11-23 15:34:54,저우 vs 오콘,"d1이 저우 ㅇㅇ
- dc official App"
2024-11-23 15:34:58,엉뜨카 ㅅㅂ 물만났노,ㅋㅋㅋ
2024-11-23 15:34:59,몽골이 직선구간이 느린가 섹터3에서 계속 따라잡히네,0.3을 벌려놓고도 0.05가뜨는거보면
2024-11-23 15:35:06,대 쥬 지,
2024-11-23 15:35:07,러셀 미친거 아님?,존나빠르네
2024-11-23 15:35:08,대 자 지 ㅋㅋㅋㅋ,ㅋㅋㅋ
2024-11-23 15:35:08,32초 진입 캬,
2024-11-23 15:35:09,메르 돌앗네,
2024-11-23 15:35:10,대 꼬 추,
2024-11-23 15:35:10,대 쥬 지,
2024-11-23 15:35:13,황셀ㅋㅋㅋ,ㅋ
2024-11-23 15:35:14,메르 이번에 시발 미쳤노???,뭐냐 ㅋㅋㅋㅋ
2024-11-23 15:35:14,메르랑 맥라렌은 차이 심한건가?,거의 엄대엄같긴 한데
2024-11-23 15:35:15,러셀 지리네 진짜ㅋㅋ,- dc official App
2024-11-23 15:35:20,메르 원투 ㅋㅋㅋ,ㅋㅋㅋ
2024-11-23 15:35:22,이번주 쥬지 심상치않은데,"우승 하나 더 쌓나
- dc official App"
2024-11-23 15:35:23,옐로 띄우고 0.2초 ㄷㄷㄷ,
2024-11-23 15:35:28,작년 르끌 폴 기록 깨질듯함?,ㅇㅇ
2024-11-23 15:35:34,몽골vs병신 Q1 탈락 횟수 비교.jpg,"베르스타펜:5회 (16-24)
체코:6회 (24시즌)"
2024-11-23 15:35:34,메르 이 서킷이랑 핏이 잘 맞나,개오지네
2024-11-23 15:35:36,황 라 리,괜찮다 휴
2024-11-23 15:35:38,메르 개빠르노,
2024-11-23 15:35:42,메르의 유쾌한반란이 시작된다,라스베가스 딱기다려
2024-11-23 15:35:46,메르 뭐쟈?,
2024-11-23 15:35:46,휴 ㅋㅋㅋㅋㅋ,
2024-11-23 15:35:48,오늘 피아제가 빠르지만 누리스 몰아주겠지?,
2024-11-23 15:35:52,라리 사이좋게 P5 P7 할 듯,
2024-11-23 15:35:53,르끌도 잘 달렸는데 메르가 말안되네ㅋㅋ,"차 왜저러노ㅋㅋㅋ
- dc official App"
2024-11-23 15:35:54,대라리,대 라 리
2024-11-23 15:35:54,메르견 원투보고 달려왔다,설레발 준비하면 되냐??
2024-11-23 15:36:03,벤츠의 주말 캬~,메르세데스 아니고 벤츠입니다
2024-11-23 15:36:09,와 분수보소,"부부븃
- dc official App"
2024-11-23 15:36:16,이번주는 기대할만할지도?,q1 q2 다 괜찮네 쥬지 드디어 이번 시즌 2승 가나
2024-11-23 15:36:26,실버애로우 캐스팅시간 ㅈㄴ기네 씨바꺼,이제야 스킬이 나가냐고
2024-11-23 15:36:27,쥬지 풀발에 분수쇼 ㄷㄷㄷㄷ,퍄
2024-11-23 15:36:31,라스베가스 < 온도가 올라오는게 중요,"타이어 온도 ㅇㅋ
엉덩이 온도 ㅇㅋ
메르 떡상"
2024-11-23 15:36:32,아 벤츠 원투 미쳤냐고 ㅋㅋㅋ,캬
2024-11-23 15:36:40,역시 벤츠팀이 잘하네,ㅇㅇ
2024-11-23 15:36:48,캡틴프랑쉐 ㅋㅋㅋㅋ,
2024-11-23 15:36:54,세스 로건ㄷㄷ,ㄷ
2024-11-23 15:36:54,???: 삐완 삐완,"굿 잡 메이트
- dc official App"
2024-11-23 15:36:56,캡틴 바게트,".
- dc official App"
2024-11-23 15:36:58,캡틴 프랑스 ㅋㅋㅋㅋ,
2024-11-23 15:37:05,벤츠 ㄴㄴ 벤쓰 ㅇㅇ,아조씨들은 벤쓰라고 함ㅋㅋㅋㅋ
2024-11-23 15:37:09,아 콜라 q3 어캐 안되나,
2024-11-23 15:37:10,역시 외제차는 벤츠 ㅋㅋ,ㅋㅋ
2024-11-23 15:37:13,F1 공식 계정 체황 티배깅,"https://x.com/F1/status/1860207290240102758
Formula 1님(@F1)
&#x274c; ELIMINATED IN Q1 &#x274c;PerezAlonsoAlbonBottasStroll
x.com"
2024-11-23 15:37:37,로건 캡춰 ㅇㅇㅇjpg,ㅇㅇ
2024-11-23 15:37:46,씨발 지금일어났다,좆 됐 다 !
2024-11-23 15:37:59,체코는 왜 또 q1딱임 시발?,아오
2024-11-23 15:38:22,쥬지 이번에 우승 제발,
2024-11-23 15:38:42,요샌 ai 분석 커트라인 안 띄워주나,최근에 퀄리를 죄다 놓쳐서 모르겄네
2024-11-23 15:38:48,메르세데스-AMG 포뮬러 원팀이오 벤츠는없소,진짜없소
2024-11-23 15:38:54,q1 못봤는데 체코 어디감?,왜또 q1 탈락임
2024-11-23 15:39:03,추가 근무해서 심통난 엔지니어들,
2024-11-23 15:39:08,저 기대없이 보는 크루들 봐라 ㅋㅋㅋㅋㅋㅋ,
2024-11-23 15:39:12,팩트는 역시 케로햄ㅋㅋ,
2024-11-23 15:39:12,노리스 혹시 손흥민하고 친함?,으흠
2024-11-23 15:39:15,자우버 미케닉들 퇴근못해서 표정 어둡노 ㅋㅋ,- dc official App
2024-11-23 15:39:19,응원하는게 아니라 야근해서 화났노 ㅋㅋ,- dc official App
2024-11-23 15:40:05,저우 단독캠 얼마만에 보는거냐?ㅋㅋㅋㅋㅋㅋㅋㅋㅋ,ㅋㅋㅋㅋㅋㅋㅋㅋㅋㅋㅋㅋㅋㅋㅋㅋㅋㅋㅋㅋㅋㅋㅋㅋㅋㅋㅋㅋㅋㅋㅋㅋㅋㅋㅋㅋㅋㅋㅋㅋㅋㅋㅋㅋㅋㅋㅋ
2024-11-23 15:40:17,저우 빠르다 할수잇다,
2024-11-23 15:40:32,자우버 최고속도 겨우겨우 340 ㅋㅋㅋ 개똥차네,ㅋㅋㅋ
2024-11-23 15:40:33,짜요!,ㅇ
2024-11-23 15:40:43,저우 제발 q3의 기적을 보여줘,
2024-11-23 15:40:43,따거 모친 오니까 열심히 하네 ㅋㅋㅋ,참관수업이냐 ㅋㅋ
2024-11-23 15:40:47,대물탕,
2024-11-23 15:40:49,대 물 탕 ㅋㅋㅋㅋ,ㅋㅋㅋ
2024-11-23 15:40:52,대 물 탕,- dc official App
2024-11-23 15:40:53,쥬지 더 당겼네 근데 대물탕ㄷㄷㄷ,ㄷㄷ
2024-11-23 15:40:54,물탕이 뭐노 ㅋㅋㅋ,
2024-11-23 15:40:57,대 밀 턴,
2024-11-23 15:41:04,따거 드가나,
2024-11-23 15:41:04,트랙 레코드 파괴ㄷㄷㄷ,ㄷㄷㄷㄷ
2024-11-23 15:41:07,저우 ㄲㅂ 잘했다,
2024-11-23 15:41:12,물탕아 이번엔 쥬지 우승 주자,쥬지 벨기에 우승 뺏긴거 슬프다..
2024-11-23 15:41:12,똥차는 어쩔수없다 ㅠㅠㅠㅠ,따거형ㅠㅠㅠㅠㅠ
2024-11-23 15:41:13,관우 아깝노,ㄲㅂ
2024-11-23 15:41:13,아 ㄲㅂ 씨발,
2024-11-23 15:41:15,맥라렌 망?,뭐노
2024-11-23 15:41:16,저우 ㄲㅂㅋㅋ,- dc official App
2024-11-23 15:41:16,따거 ㄲㅂ,아깝네
2024-11-23 15:41:17,따거 ㄲㅂ,
2024-11-23 15:41:18,저우 까비 ㅠㅠ,- dc official App
2024-11-23 15:41:18,저우 오늘 그래도 잘했다,
2024-11-23 15:41:19,자우버 퇴근 ㅋㅋ,
2024-11-23 15:41:20,저우야ㅠㅠㅠ,- dc official App
2024-11-23 15:41:20,ZHOT,
2024-11-23 15:41:22,저우 ㄲㅂ...,그래도 잘했다
2024-11-23 15:41:28,어이고 콜라야,
2024-11-23 15:41:29,너덜너덜ㅋㅋㅋㅋㅋㅋㅋㅋㅋㅋㅋ,
2024-11-23 15:41:30,콜라사망ㅋㅋㅋ,ㅋ
2024-11-23 15:41:31,윌 좆망 ㅋㅋㅋㅋㅋㅋㅋㅋㅋㅋㅋㅋ,
2024-11-23 15:41:31,콜라핀토 터졌다 ㄷㄷ,ㄷㄷㄷㄷㄷㄷㄷㄷㄷㄷ
2024-11-23 15:41:31,콜러핀토 어어,비상!!!!!
2024-11-23 15:41:32,콜라 사망ㅋㅋㅋㅋㅋㅋㅋㅋㅋㅋㅋㅋㅋㅋㅋ,
2024-11-23 15:41:31,아니 콜라씨발 ㅋㅋㅋㅋㅋㅋㅋㅋㅋ,
2024-11-23 15:41:29,콜라 ㅠㅠㅠㅠㅠ,
2024-11-23 15:41:33,콜라 김빠졌노 ㅋㅋㅋㅋ,ㅋㅋㅋㅋ
2024-11-23 15:41:33,아이고 콜라야.....,
2024-11-23 15:41:34,콜라ㄷㄷㄷ,헐
2024-11-23 15:41:35,콜라게이야 ㅋㅋㅋㅋㅋㅋ,
2024-11-23 15:41:35,콜라ㅋㅋㅋㅋㅋㅋ,- dc official App
2024-11-23 15:41:35,ㅋㅋㅋㅋㅋㅋㅋㅋㅋ,ㅋㅋㅋ
2024-11-23 15:41:36,윌리엄스 돈 없을텐데 ㅋㅋㅋㅋ,ㅋㅋㅋㅋ
2024-11-23 15:41:36,바울즈 주름추가ㅋㅋㅋㅋㅋㅋㅋㅋ,
2024-11-23 15:41:37,콜라 사망ㅋㅋㅋㅋㅋ,
2024-11-23 15:41:37,콜라야 시발 ㅋㅋㅋㅋ,뭐해
2024-11-23 15:41:37,윌리엄수 파산 ㅋㅋㅋㅋ,"저거 또 고쳐야해 ㅋㅋㅋㅋ
- dc official App"
2024-11-23 15:41:37,차가 걸레가 됐노 ㅋㅋㅋ,
2024-11-23 15:41:37,윌리엄스 버짓캡 진짜 비ㅣㅣㅣ상,
2024-11-23 15:41:38,콜라뭐뉴 ㅋㅋㅋ,ㅋㅋㅋㅋㅋ
2024-11-23 15:41:39,콜라 차 거하게 해먹었노 ㅋㅋㅋㅋㅋㅋㅋㅋㅋㅋ,
2024-11-23 15:41:39,와 윌 또 뽀개먹냐ㅋㅋㅋ,저 리버리는 저주 받았네 ㄹㅇ
2024-11-23 15:41:39,???: 내몸에서 나가 사전트!!,- dc official App
2024-11-23 15:41:40,병신 ㅋㅋㅋㅋㅋㅋㅋ,ㅋㅋㅋㅋㅋ
2024-11-23 15:41:40,좆된 보울스면 개추 ㅋㅋㅋㅋㅋ,
2024-11-23 15:41:41,대 콜 라,- dc official App
2024-11-23 15:41:41,차 개조져졌노 시발ㅋㅋㅋㅋㅋㅋ,ㅋㅋㅌㅋㅌㅌㅌㅌㅌㅋㅋㅋㅋ
2024-11-23 15:41:41,박살ㅋㅋㅋㅋㅋ,
2024-11-23 15:41:42,윌리엄스 멸망ㅋㅋㅋㅋㅋ,- dc official App
2024-11-23 15:41:42,콜라야 ㅋㅋㅋㅋㅋㅋㅋㅋ,
2024-11-23 15:41:42,윌리엄스 예산 감당되냐 씨발 ㅋㅋㅋㅋㅋㅋㅋ,ㅋㅋㅋ
2024-11-23 15:41:42,콜라야..?,- dc official App
2024-11-23 15:41:43,윌리엄스 파산 ㅋㅋㅋㅋㅋㅋㅋ,
2024-11-23 15:41:45,저우한테 11위면 사실상 1위급,ㅋㅋㅋㅋ능력의 한계까지 쥐어짬
2024-11-23 15:41:45,또 깨먹노 ㅋㅋㅋㅋㅋㅋ,- dc official App
2024-11-23 15:41:46,윌리엄스 야근 확정 ㅋㅋㅋㅋㅋㅋㅋㅋㅋㅋㅋㅋㅋㅋ,ㅋㅋㅋㅋㅋㅋㅋㅋㅋㅋㅋㅋㅋ
2024-11-23 15:41:46,윌멸망ㅋㅋㅋ,ㅋㅋ
2024-11-23 15:41:46,윌 좆망ㅋㅋㅋㅋㅋㅋ,ㅋㅋㅋㅋㅋㅋㅋㅋ
2024-11-23 15:41:47,반파 났네 씨발,
2024-11-23 15:41:47,케로신 또 윌리엄스 ㅇㅈㄹ ㅋㅋㅋㅋㅋ,
2024-11-23 15:41:49,윌리엄스 예산 ㅈ망!!!!,!!!!
2024-11-23 15:41:49,차 시발련아 ㅋㅋㅋㅋㅋ,
2024-11-23 15:41:50,윌 파산 ㅋㅋㅋㅋ,- dc official App
2024-11-23 15:41:51,제임스 눙물 ㅋㅋㅋㅋㅋ,ㅋㅋㅋㅋ
2024-11-23 15:41:51,시트는 무슨 ㅋㅋㅋㅋㅋㅋㅋㅋㅋ,꺼져라 ㅋㅋㅋㅋㅋㅋㅋ
2024-11-23 15:41:50,잭 두한 입 찢어지겠네 ㅋㅋㅋㅋㅋㅋ,
2024-11-23 15:41:52,걸레짝 고쳐야되는 미케닉들 표정 ㅋㅋㅋㅋ,- dc official App
2024-11-23 15:41:52,또부숴먹노ㅋㅋㅋㅋㅋㅋㅋㅋㅋㅋㅋㅋㅋㅋㅋㅋㅋㅋㅋㅋ,
2024-11-23 15:41:53,아니 근데 가슬리 기습 시위 머야,
2024-11-23 15:41:55,콜라콜라야..,ㅋㅋㅋ
2024-11-23 15:41:55,윌 진짜 아부다비 결장하는거아님?? 애네 돈 남았냐???,ㅋㅋㅋㅋㅋㅋㅋ
2024-11-23 15:41:56,와 ㄹㅇ 다 부서졌네,
2024-11-23 15:41:56,콜라 또 박살ㅋㅋㅋㅋㅋㅋㅋㅋㅋ,
2024-11-23 15:41:56,병장 네이노오오옴,
2024-11-23 15:41:55,윌 저 리버리 쓴 경기 죄다 부서짐 ㅋㅋㅋㅋㅋㅋㅋ,ㅋㅋㅋㅋㅋㅋ
2024-11-23 15:41:55,윌리엄스 진짜 사망 ㅋㅋㅋㅋㅋㅋㅋㅋ,
2024-11-23 15:41:56,콜라 이새끼 사전트만큼 차 해쳐먹는데?ㅋㅋㅋㅋ,"ㅋㅋㅋㅋ
- dc official App"
2024-11-23 15:41:58,윌리엄스 좆망ㅋㅋㅋㅋㅋ,- dc official App
2024-11-23 15:41:59,암오케,- dc official App
2024-11-23 15:42:00,콜라 병장 나라오고 정신 못차리노 ㅋㅋㅋ,
2024-11-23 15:42:00,병장님 기습시위 ㅋㅋㅋㅋㅋ,
2024-11-23 15:42:01,엔지니어 초비상 ㅋㅋㅋㅋㅋㅋㅋ,야근가자 ㅋㅋㅋㅋㅋ
2024-11-23 15:42:04,씨발 사전트 그만 좀 차 부숴먹어라 ㅅㅂ,
2024-11-23 15:42:05,콜라 또 개떡됐놐ㅋㅋㅋㅋ,넌 퇴근하지마라
2024-11-23 15:42:07,저새끼들 차 한 대로 나오겠노 ㅋㅋㅋㅋ,ㅋㅋ
2024-11-23 15:42:08,빠른 사전트 ㅋㅋㅋㅋㅋ,
2024-11-23 15:42:09,사전트 ver2 ㅋㅋㅋㅋ,- dc official App
2024-11-23 15:42:09,콜라핀토 내년에 못보겠노 ㅋㅋㅋㅋㅋㅋㅋ,그냥 못하는게 낫지 예산 다태워먹노
2024-11-23 15:42:10,진짜 야무지게도 부숴놨네,ㅋㅋㅋㅋㅋㅋ
2024-11-23 15:42:10,콜라핀토 <<<- 새로운 라피티의 등장이냐?,체코의 후계자 냄새가 난다...
2024-11-23 15:42:11,(속보)윌리엄스 레이싱 해체,- dc official App
2024-11-23 15:42:11,병장님 오셨누,
2024-11-23 15:42:12,쓰읍 콜라핀토 저번에도 사고내지 않았나,쓰읍
2024-11-23 15:42:13,저 노란색에 뭔가 있다,
2024-11-23 15:42:12,콜병신 <<<<<저우관유 ㅋㅋㅋ,
2024-11-23 15:42:13,병장님 기습 강림 ㅋㅋㅋㅋㅋㅋ,
2024-11-23 15:42:13,윌리엄스<이추세라면 아부다비에 둘다 DNS,ㅋㅋㅋㅋㅋㅋㅋㅋㅋㅋㅋㅋㅋㅋ
2024-11-23 15:42:14,또 너야?,ㅋㅋㅋㅋ
2024-11-23 15:42:14,윌리암스 재앙났네,예산 남아있나 반파 수준인데
2024-11-23 15:42:15,??:내년 시트 없으면 때려침,ㅋㅋㅋㅋㅋㅋ
2024-11-23 15:42:16,병장 옆 콜상병 ㅋㅋㅋㅋㅋㅋㅋㅋㅋ,"ㅋㅋㅋㅋㅋㅋㅋㅋㅋㅋㅋ
- dc official App"
2024-11-23 15:42:17,사전트나 콜라핀토나,"차 뿌셔먹는거 비슷한거 아닌가여?
돈 다 깨먹네"
2024-11-23 15:42:20,운전 잘하는 사전트 ㄷㄷㄷㄷ,ㄷㄷㄷ
2024-11-23 15:42:19,남쪽 사전트ㅋㅋㅋㅋㅋㅋㅋ,
2024-11-23 15:42:20,윌리엄스 노란색 버리라니까,저게 혈막임
2024-11-23 15:42:23,사전트만큼 해먹은거 같은데 ㅋㅋㅋ,
2024-11-23 15:42:25,확실한 건 내년에 구토국 팬들은 볼 일 없겠다는거임 ㅋㅋ,
2024-11-23 15:42:24,와 빵디 ㅋㅋ,오 ㅋㅋ
2024-11-23 15:42:24,윌도 버짓캡 넘겨보겠노 ㅋㅋㅋㅋㅋ,
2024-11-23 15:42:25,콜라핀토 내년 시트 미련 덜어내려고하네,이젠 내년에 시트 없어도 안억울하다고 시위중
2024-11-23 15:42:28,사전트가 차 다뽀사먹어서 점마부른거아님?,"쟤도 만만치않네ㅋㅋㅋㅋㅋ
- dc official App"
2024-11-23 15:42:28,저새끼돈내고달린다며ㅋㅋㅋㅋㅋㅋㅋㅋㅋㅋㅋㅋㅋㅋㅋㅋㅋㅋㅋㅋㅋㅋㅋㅋㅋ,돈더내야할듯ㅋㅋㅋㅋㅋㅋㅋㅋㅋㅋㅋㅋㅋㅋㅋㅋㅋㅋㅋㅋㅋㅋㅋㅋㅋㅋ
2024-11-23 15:42:29,콜라 쟤는 진짜 애매하네,사고 너무많은데
2024-11-23 15:42:31,콜라 내년에 못 나오겠네,"골고루 부숴먹냐 ㅋㅋㅋ
- dc official App"
2024-11-23 15:42:32,엔지니어 과로사 각이다 ㅋㅋㅋ,
2024-11-23 15:42:33,쟤네 잔여경기 나올수 있나 ㅋㅋㅋㅋㅋ,- dc official App
2024-11-23 15:42:36,윌리엄스의 드라이버가 되기 위한 자격 증명,깨져라 경화수월
2024-11-23 15:42:36,윌리엄스는 저번부터 범퍼카하노 ㅋㅋㅋㅋ,ㅋㅋㅋㅋ
2024-11-23 15:42:37,윌은 서비스 종료다...,
2024-11-23 15:42:37,에휴...,- dc official App
2024-11-23 15:42:38,❗+윌리엄스 파산❗+,좆 됐 다 !
2024-11-23 15:42:39,리어 프론트 서스팬션 다박살났네 ㅋㅋㅋ,엔진은 무사하냐 저거
2024-11-23 15:42:40,버짓캡이 문제가 아니고 돈이없다고 이친구야 ㅋㅋㅋㅋㅋㅋㅋㅋㅋ,빚을내야된다고 ㅋㅋㅋㅋㅋㅋㅋㅋㅋㅋㅋ
2024-11-23 15:42:44,드라이버 안다치면 뭐해 ㅋㅋㅋ 차가 식물인간인데 ㅋㅋㅋㅋㅋ,ㅋㅋㅋㅋ
2024-11-23 15:42:44,쟤는 맨날 해먹는거 같네,흠
2024-11-23 15:42:44,호너 콜라 살 생각 싹 사라지는 중 ㅋㅋ,
2024-11-23 15:42:54,저 정도면 윌리엄스 차가 문제아님?,콜라핀토까지 잡아먹노ㅋㅋ
2024-11-23 15:42:54,콜라는진짜거품확꺼지네,사고너무친다
2024-11-23 15:42:56,병장님의 나라에서,
2024-11-23 15:42:58,사전트 복귀함?,"ㅋㅋㅋ
- dc official App"
2024-11-23 15:43:00,포인트랑 별개로병장이랑 비슷하게 해먹긴 하네,개박살
2024-11-23 15:43:02,자신감이 넘친 나머지,ㅇ
2024-11-23 15:43:02,ㅅㅂ 윌리엄스 우짜노,ㅜ
2024-11-23 15:43:02,콜라 은근 존나깨먹음,
2024-11-23 15:43:03,윌리엄스 피눈물 에디션ㅋㅋㅋ,조져쓰요ㅋㅋ
2024-11-23 15:43:05,와 개병신같이 박았네 체코도 안 저럼 ㅇㅇ,ㅋㅋㅋ
2024-11-23 15:43:05,???: 어차피 내년에 자리 없잖아 즐겨~~~,한잔해
2024-11-23 15:43:06,자신감 넘쳤노 ㅅㅂ,
2024-11-23 15:43:07,저건 드라이빙 에러,
2024-11-23 15:43:07,이건 너무 병신같이 박았는데,ㅋㅋㅋㅋㅋㅋㅋ
2024-11-23 15:43:10,운전 존나 터프하게 하니까 좀 양날에 검이네,
2024-11-23 15:43:12,???: 병장님의 의지를 이어가겠어,
2024-11-23 15:43:11,와 소리 존나 살벌하네,ㄷㄷ
2024-11-23 15:43:13,사전트도 저렇게는 안 부숴먹는다 씨발 ㅋㅋㅋ,
2024-11-23 15:43:16,그래서 헐크는 또 q3를 갔나요,"Yes
- dc official App"
2024-11-23 15:43:17,데브리 존나많네 ㅅㅂ,
2024-11-23 15:43:17,현장감 조진다 ㅋㅋㅋㅋㅋㅋㅋㅋㅋ,
2024-11-23 15:43:20,이건 아닌데,이건 아닌데
2024-11-23 15:43:21,보울스 오열 ㅋㅋㅋㅋㅋㅋㅋㅋㅋㅋ,진짜 쌍으로 이렇게 조지게 쉽지 않은데
2024-11-23 15:43:21,쨍그랑소리 ㅋㅋㅋ,
2024-11-23 15:43:22,뭐 깨지는 소리 찰지노 ㅋㅋㅋ,
2024-11-23 15:43:26,cctv 사각지대 ㅋㅋㅋ,ㄴㅇㄴㅇ
2024-11-23 15:43:27,내가 저래서 F1카를 안삼,내구성 좆망
2024-11-23 15:43:32,아부다비 결장 드가자 이기 ㅋㅋ,- dc official App
2024-11-23 15:43:35,올해 메르가 스트리트에 강한가?,실격 엔딩이긴 했어도 쥬지가 바쿠 따고 했던거 보면
2024-11-23 15:43:37,윌리엄스 돈 없을텐데 어카냐,
2024-11-23 15:43:37,뭔 ㅅㅂ 초보운전이냐,아오
2024-11-23 15:43:40,윌리엄 미캐닉들 오열ㅋㅋㅋㅋ,잘타는 사전트
2024-11-23 15:43:41,거하게 해먹었누,ㅋㅋㅋㅋ
2024-11-23 15:43:45,보울스 표정 빨리,
2024-11-23 15:43:47,깨지는 소리 ㅋㅋㅋ,쨍그랑
2024-11-23 15:43:48,미캐닉 오열ㅋㅋㅋㅋ,
2024-11-23 15:43:51,미국와서 빙의됐네,대 전 트
2024-11-23 15:43:51,팩트는 킹황짱노다가 또 Q3로 깄다는거임 ㅋㅋㅋㅋ,포인트 정조준중이라는거임 ㅋㅋㅋㅋ
2024-11-23 15:43:52,???: 그래서 얼마에 판다고?,ㅋㅋㅋㅋㅋㅋ
2024-11-23 15:43:52,병장님의 혼이 콜라를 부쉈구나,- dc official App
2024-11-23 15:43:58,(F1시트날려먹는순간)ㅋㅋㅋㅋㅋㅋㅋㅋㅋㅋㅋㅋㅋㅋㅋㅋㅋㅋㅋㅋㅋㅋㅋ,ㄹㅇㅋㅋㅋㅋㅋ
2024-11-23 15:44:01,이새끼 오버랩되는 제임스면 개추 ㅋㅋㅋ,
2024-11-23 15:44:02,윌리엄스 또 유튜브 영상 올라오나,이번엔 알본이랑 콜라핀토 팩토리 벽에 묶어놓고 야근해야겠는데
2024-11-23 15:44:03,??? : 지금 윌리엄스에게 가장필요한 드라이버,"가장 경제적인 드라이버
피에르 ‘더 이코노미’ 가슬리"
2024-11-23 15:44:03,근데 저렇게 사고내면,"드라이버 나중에 ㅈㄴ 혼나나?
- dc official App"
2024-11-23 15:44:03,말 그대로 산산조각이네,"어이구
- dc official App"
2024-11-23 15:44:04,윌리엄스 돈 없으면 차 한대만 내보낼수도 있음?,진짜 모름.....
2024-11-23 15:44:05,콜라전자 ㅋㅋㅋㅋㅋㅋㅋㅋㅋ,
2024-11-23 15:44:07,이것이 사전트를 복수다,병장님의 시트를 돌려줘ㅗ
2024-11-23 15:44:08,콜라 비싼척하다가 팀 못구하겠노 ㅋㅋㅋ,
2024-11-23 15:44:08,올해 하스 운빨 대체 뭐냐,하늘이 돕는 대하스ㅋㅋ
2024-11-23 15:44:10,알본가슬리오콘 << 얘넨 대단하긴하네,콜라나 병장님이랑 같은레벨 차 타고 부숴먹질 않노 ㅋㅋ
2024-11-23 15:44:17,레드불 콜업 확정인거같아서 안심한 로슨이면 개추 ㅋㅋㅋ,콜라핀토 나가리 ㅋㅋㅋ
2024-11-23 15:44:19,인디카 테스트 P1먹은 병장 TV보고 웃고있을거같음 개추,- dc official App
2024-11-23 15:44:25,벽 움푹 들어갔네ㅋㅋㅋㅋㅋ,
2024-11-23 15:44:27,콜라 급속 냉동 ㅠㅠ,
2024-11-23 15:44:27,슬슬 그로장의 냄새가,
2024-11-23 15:44:28,콜라 누가 흔들었냐,터졌노
2024-11-23 15:44:35,최근 가장 뜨거워졌다가 차가워지고 있습니다.,차는 뜨겁습니드 ㅇㅈㄹㅋㅋㅋㅋㅋ
2024-11-23 15:44:37,차가운 콜라는 콜평 ㅋㅋㅋ,트랙온도 같은 남자 ㅋㅋㅋ
2024-11-23 15:44:39,지금 기분 째지는 사람,
2024-11-23 15:44:39,콜라 은근 거품임 안 데려가는 이유가 있지,"그 한경기 이후로 플레이도 아쉽고
그와 별개로
사고가 너무 많음"
2024-11-23 15:44:43,가슬리가 ㄹㅇ 한번도 차 안부순거같은데,"아닌가
- dc official App"
2024-11-23 15:44:45,알핀은 다시 고민에 빠졌다....,내년 재정에 빨간불이 들어올수 있지 않을까...
2024-11-23 15:44:44,치우는데 오래걸리겠는데,
2024-11-23 15:44:46,미캐닉들 월급 갈려나가는중 ㅋㅋㅋㅋ,윌리엄스 예산 개박살 ㅋㅋ
2024-11-23 15:44:50,맨홀 뚜껑 씨발 ㅋㅋㅋㅋㅋㅋ,
2024-11-23 15:44:49,존나 오래걸릴거같은데,
2024-11-23 15:44:54,병장님이 보이노...,
2024-11-23 15:44:56,바울즈 표정ㅋㅋㅋㅋㅋㅋㅋㅋ,
2024-11-23 15:44:57,파편 오지네,ㄷㄷ
2024-11-23 15:44:57,전쟁터가 됐네 ㅋㅋㅋ,
2024-11-23 15:44:57,매놀그멍 ㅋㅋㅋㅋ,
2024-11-23 15:44:58,주가 급락 ㅋㅋㅋ 콜라 슬러시행ㅋㅋㅋㅋㅋㅋ,맛잇겠노 ㅋㅋㅋㅋㅋㅋ
2024-11-23 15:44:59,버울스 입갤 ㅋㅋㅋ,
2024-11-23 15:45:01,데브리스 기습참가,
2024-11-23 15:45:02,메시가 더 운전 잘 할 듯 ㅇㅇ,
2024-11-23 15:45:03,바울스 미간주름 존나깊노 ㅋㅋㅋㅋㅋㅋ,
2024-11-23 15:45:08,데브리로 난장판이 된 트랙,
2024-11-23 15:45:15,Q3 스타트 연기,ㅇㅇ
2024-11-23 15:45:19,파편 ㅈㄴ많네,청소 빡셀듯
2024-11-23 15:45:20,가슬리 p4뭔데,진짜 알핀 컨챔 6위 가냐
2024-11-23 15:45:22,그래서 콜라 폼 왜 뒤짐?,"탄산 다 빠져서 그런건가
- dc official App"
2024-11-23 15:45:30,표정 개썩었네 ㅋㅋㅋ,ㅋㅋㅋㅋㅋㅋㅋㅋㅋㅋ
2024-11-23 15:45:30,데브리 미쳤넼ㅋㅋ,
2024-11-23 15:45:37,???: 내년 시트를 위해 최선을 다해서..,응 넌 시트 못얻어
2024-11-23 15:45:40,저우 그래도 13 그리드면 잘 했다,
2024-11-23 15:45:43,안와상융기가 성층권뚫겠노,어지간히 빡친듯
2024-11-23 15:45:42,콜라핀토 입에 멘토스 넣었나 폭발하네 ㅋㅋㅋ,ㅋㅋㅋ
2024-11-23 15:45:45,관우 13 그리드,- dc official App
2024-11-23 15:45:46,마그누센아 가디마 ㅠㅠ,안돼!
2024-11-23 15:45:51,???: 야 여기 미국이야 이새끼야 ㅋㅋㅋㅋ,ㅋㅋ
2024-11-23 15:45:55,콜라 폼 뒤진건 걍 윌 차가 병신이라 그런거같은데,"사전트도 인디카 타자말자 날아다니고
알본이 걍 이상한 새끼인듯
- dc official App"
2024-11-23 15:45:56,윌리엄스 저러면 남은레이스 참가되나,아부다비가선 한대만 나오겠노
2024-11-23 15:46:00,q2에서 차 부숴먹기 vs q1딱하고 차 무사히 가져오기,시즌후반인거 생각하면 후자가 낫나
2024-11-23 15:46:00,부스러기 존나 많네 ㅋㅋㅋㅋㅋ,청소차 불러라
2024-11-23 15:46:05,그와중에 저우관유 밑 체코 ㅋㅋㅋㅋㅋㅋㅋㅋㅋㅋㅋ,체평 ㅋㅋㅋㅋㅋㅋㅋㅋㅋ
2024-11-23 15:46:09,그래서 체황이랑 코카콜라랑 바꾸면 바꿈?,
2024-11-23 15:46:10,지금 윌리엄스 저거 옛날리버리 아닌가,알파타우린가 먼가 맞나
2024-11-23 15:46:14,가슬리 기습 4위 뭔데,라스베이거스에 비가 오나
2024-11-23 15:46:19,저우 13그리드면 시즌중에 제일높은건가?,"황금시간대라고 힘좀썻네
- dc official App"
2024-11-23 15:46:22,사고순간 캡춰 ㅇㅇㅇjpg,ㅇㅇ
2024-11-23 15:46:23,아니 싸전트 언제까지 부실건데 ㅋㅋ,어..? 넌..?
2024-11-23 15:46:23,그 개새기 사임했노 ㅋㅋㅋㅋㅋㅋ,사람 죽는꼴 보기 싫으면 나가리되는게 맞지
2024-11-23 15:46:22,저게 콜라야 믹슈야 ㅋㅋㅋㅋ,
2024-11-23 15:46:30,Hadjar RB 콜업 붐은 온다,"2025 VCARB
Yuki - Hadjar"
2024-11-23 15:46:49,콜라 사고는 낸다 쳐도 화끈하게 다깨먹는게좀,"윙 깨먹는 이딴 귀여운거면 몰라도
맨날 거의 반파 아님 완파임 ㅋㅋ
성적 내려면 자신감 넘쳐야되는건 맞는데 차가 윌이라 못 받쳐주나 음"
2024-11-23 15:46:55,넋이나갔노,직장잃은 청년의 절망이 느껴진다
2024-11-23 15:46:58,항상 느끼지만 차라리 걸어 들어가는 게 낫다,셒카 타는 거 존나 없어 보임 ㅋㅋ
2024-11-23 15:46:59,저유관유 밑 체코 즉 저밑체 ㅋㅋㅋ,ㅋㅋ
2024-11-23 15:47:00,개새끼들아 콜라 vs 체황 하지마,"체황이 지난주까지 수리비랭킹도 1위엿어
- dc official App"
2024-11-23 15:47:00,저새끼멘탈나갔노ㅋㅋㅋㅋㅋㅋㅋㅋㅋㅋㅋㅋㅋㅋㅋㅋㅋㅋㅋㅋㅋㅋㅋ,병신ㅋㅋㅋㅋㅋㅋㅋㅋㅋㅋㅋㅋㅋㅋㅋㅋㅋㅋㅋㅋㅋㅋㅋㅋㅋㅋㅋㅋㅋㅋㅋㅋ
2024-11-23 15:47:07,츠노다 생각보다 잘하네,"혼다 엔진에 끼워팔기로 온 낙하산인줄 알았는데
꽤잘하는듯. 체코랑 왜 안바꿈?
- dc official App"
2024-11-23 15:47:09,근데 팀 직원들 월급도 버짓캡에 포함인데,"윌 직원들은 ㅋㅋㅋㅋㅋ
그리고 레드불도"
2024-11-23 15:47:16,레츠고 베이비,ㅋㅋㅋ
2024-11-23 15:47:20,레츠 고 베이비 ㅋㅋㅋ,ㅋㅋㅋ
2024-11-23 15:47:20,대노다를 레드불로ㅋㅋㅋㅋㅋㅋ,
2024-11-23 15:47:21,대 노 다 ㅋㅋㅋㅋㅋ,
2024-11-23 15:47:22,츠노다 싱글벙글ㅋㅋㅋ,
2024-11-23 15:47:22,똑같이 차 박살내도 쿨하게 300억 꽂아주는 체코>>좆카콜라,대 체 황ㅋㅋㅋㅋㅋㅋㅋㅋ
2024-11-23 15:47:25,예아레쓰고베이비 ㅋㅋㅋㅋㅋ,ㅋㅋㅋㅋㅋㅋㅋㅋㅋ
2024-11-23 15:47:25,윾키 라디오 씨부럴 ㅋㅋㅋㅋㅋㅋㅋ,
2024-11-23 15:47:26,대노다 ㅋㅋㅋㅋㅋ,
2024-11-23 15:47:27,홈타운 어프콜스 맨ㅋㅋ,ㅋ
2024-11-23 15:47:29,금지어 다 하네ㅋㅋㅋㅋㅋㅋ,ㅋㅋㅋㅋ
2024-11-23 15:47:29,대노다ㅋㅋㅋㅋ,- dc official App
2024-11-23 15:47:29,대노다 ㅋㅋ,옙 베이비 ㅋㅋ
2024-11-23 15:47:29,자자 드가자 ㅋㅋㅋㅋㅋㅋ,
2024-11-23 15:47:30,대 노 다,
2024-11-23 15:47:31,홈타운맨ㅋㅋㅋㅋㅋ,ㅋㅋㅋㅋ
2024-11-23 15:47:32,그랑프리 2개에서 3대 박살내는건 씹 ㅋㅋ,레전드노 ㅋㅋ
2024-11-23 15:47:32,레드 개꿀~,ㅋㅋ
2024-11-23 15:47:34,홈타운 베이비 ㅋㅋㅋㅋㅋㅋㅋㅋ,
2024-11-23 15:47:34,저새끼유해진거뭐노ㅋㅋㅋㅋㅋㅋㅋㅋㅋㅋㅋㅋㅋㅋㅋㅋㅋㅋㅋㅋ,
2024-11-23 15:47:35,윾쾌 츠노다 ㅋㅋㅋ,ㅋㅋㅋㅋㅋ
2024-11-23 15:47:36,츠노다 대 유쾌마운틴 ㅋㅋㅋㅋ,레츠고 베이비!
2024-11-23 15:47:37,ㅋㅋㅋㅋㅋㅋㅋㅋㅋㅋ,
2024-11-23 15:47:38,사고 혼자 박은거임?,못봤어
2024-11-23 15:47:40,홈타운오브콜스 ㅇㅈㄹㅋㅋ,ㅋㅋㅋㅋㅋ
2024-11-23 15:47:40,레츠고베이비커몬 ㅋㅋㅋㅋㅋㅋ,ㅋㅋㅋㅋㅋ
2024-11-23 15:47:42,ㅋㅋㅋㅋㅋㅌㅌㅋ,
2024-11-23 15:47:45,너 수상해 ㅋㅋ,ㅋㅋ
2024-11-23 15:47:56,현재.... 조용하게 잘 타고있는 새끼.....,대 노 다
2024-11-23 15:47:59,캐스터도 잡혔노 ㅋㅋㅋ,
2024-11-23 15:48:00,아시아의 자존심 ㅋㅋㅋㅋㅋㅋㅋ,
2024-11-23 15:48:02,안캐도 잡혔노 ㅋㅋㅋㅋㅋㅋㅋㅋ,ㅇ
2024-11-23 15:48:06,"""그래, 바로 그렇게 하는거다.""",계속 그렇게 하면 돼
2024-11-23 15:48:10,안캐도 잡혔노 ㅋㅋㅋㅋㅋㅋㅋ,
2024-11-23 15:48:12,저우관유도 안잡히는뎈ㅋㅋㅋㅋㅋㅋㅋㅋ,"ㅋㅋㅋㅋㅋ
- dc official App"
2024-11-23 15:48:14,안캐는 왜 공항에서 걸렸노 ㅋㅋㅋㅋ,ㅋㅋㅋ
2024-11-23 15:48:17,귀여운새끼 ㅋㅋㅋ,ㅋㅋㅋㅋㅋㅋ
2024-11-23 15:48:22,아오 우리 츠노다가 키만 더컸어도 시발 ㅠㅠㅠ,ㅠㅠㅠ
2024-11-23 15:48:22,안캐는 왜잡힘 ㅋㅋㅋㅋ,
2024-11-23 15:48:24,똥양인이 죄지....,십색기들 ㅋㅋㅋㅋㅋㅋ
2024-11-23 15:48:24,아시아인 차별 헉,
2024-11-23 15:48:32,옷을 어케 입었길래 잡히노 ㅋㅋ,ㅋㅋ
2024-11-23 15:48:34,안캐는 왜잡힌거노 ㅋㅋㅋㅋㅋ,ㅋㅋㅋ
2024-11-23 15:48:35,똥양인 차별 헉,ㄴ
2024-11-23 15:48:37,마샬 누나 이쁘면 개추 ㅋㅋ,
2024-11-23 15:48:38,근데 저거 진지 빨면 인종차별 아니냐?,양키들이 더 족같이 입으면 족같이 입지
2024-11-23 15:48:39,안캐랑 츠노다랑 같은 클라스였네,대 황 안 캐
2024-11-23 15:48:42,내년부턴 미국갈때 정장입어라ㅋㅋㅋㅋ,
2024-11-23 15:48:43,귀엽노 ㅋㅋㅋ,"ㅋㅋ
- dc official App"
2024-11-23 15:48:44,역시큰일은여자가하노ㅋㅋㅋㅋㅋㅋㅋㅋㅋㅋㅋㅋㅋㅋㅋㅋㅋㅋㅋ,눈나ㄷㄷㄷㄷㄷ
2024-11-23 15:48:44,마샬눈나 오...,- dc official App
2024-11-23 15:48:49,딜레이 되는 김에 썰 좀 풀어주지 ㅋㅋㅋ,
2024-11-23 15:48:51,라스베가스마샬뉸나!!,
2024-11-23 15:48:56,바퀴 덜렁덜렁 개웃기네 ㅋㅋㅋ,ㅋㅋㅋㅋ
2024-11-23 15:49:02,플로어 작살난거 같은데,"내일 레이스 나올 수 있나
- dc official App"
2024-11-23 15:49:13,케로 ㅜㅜ 혼자 안가봤어ㅋㅋㅋ,"ㅋㅋㅋㅋ
- dc official App"
2024-11-23 15:49:14,마이프로틴 바이럴 ㅋㅋㅋㅋ,광고효과 $$$
2024-11-23 15:49:19,???: Why you are so fast?,- dc official App
2024-11-23 15:49:28,니가 f1드라이버면 나는 nba선수다 새키야ㅋㅇㅋ,어어...진짜야?
2024-11-23 15:49:36,하얀 사전트 ㅋㅋㅋㅋㅋ,ㅋㅋㅋㅋ
2024-11-23 15:49:44,마샬 캡쳐딴놈 없냐?,"갤 보느라 못봄
- dc official App"
2024-11-23 15:49:52,똥양인이 어떻게 F1 드라이버를 해?,ㅋㅋㅋㅋㅋㅋ
2024-11-23 15:49:55,쿠팡의 저주 www,ㅋㅋㅋㅋ
2024-11-23 15:49:56,소신) 차만 깨먹는 사전트 콜라보다,돈 주는 고티피가 낫다고 봄
2024-11-23 15:49:59,바퀴 대롱대롱 움짤 ㅇㅇㅇgif,ㅇㅇ
2024-11-23 15:50:01,윌리 미캐닉 대 환 호,ㅋㅋ
2024-11-23 15:50:02,눈을 안뜨고 걸어다니는데 잡을만 하지 ㅋㅋ,아 ㅋㅋ
2024-11-23 15:50:04,What’s your job?,"Driver F1
- dc official App"
2024-11-23 15:50:08,윌 메카닉은 ㄹㅇ 개불쌍하다,좆소라 월급도 팀들중에 제일 적은 편일텐데 ㅋㅋㅋㅋ
2024-11-23 15:50:07,마샬누나 인스타 주소 빨리,아..... 이제 괜찮아졌음
2024-11-23 15:50:07,귀엽노ㅋㅋㅋㅋㅋㅋㅋㅋㅋㅋ,
2024-11-23 15:50:19,와 이번 윌 공식영상 봤는데 메케닉들 진짜 오열하겠는데,"이번 브라질에서 차 날려먹은거
레이스위크 끝나고 윌리엄스 본사에서 메케닉들 야근 때리면서
또 하필 돈도 없어서 박살난 부품들 주섬주섬 주워다가 어떻게든 최대한 살리는 영상 봤는데
그렇게 영혼을 갈아넣어서 고친차 바로 원상복구 개박살행 ㅋㅋ
- dc official App"
2024-11-23 15:50:21,마샬누나 리플은 왜 따주노 ㅋㅋㅋㅋㅋㅋㅋㅋㅋ,
2024-11-23 15:50:22,케로햄 스윗한남 멘트 뭐노 ㅋㅋㅋㅋ,ㅋㅋㅋㅋㅋㅋㅋㅋㅋ
2024-11-23 15:50:28,개작살났네 ㅋㅋㅋ,딸랑 딸랑
2024-11-23 15:50:31,마샬누나 해리스닮음...,ㄹㅇ로
2024-11-23 15:50:34,체황 고향 정겨운 향기 ㅋㅋㅋㅋ,"ㅋㅋㅋㅋ
- dc official App"
2024-11-23 15:50:35,카메라 존나 웃기네 ㅋㅋㅋ,"쾅하고 구도 바로 바뀌는거 ㅋㅋ
- dc official App"
2024-11-23 15:50:42,체코랑 핀토만? 어? 혹시 둘다 마리화나 중독되서?,그래서 맛탱이가 갔나?ㅋㅋㅋㅋㅋㅋㅋㅋㅋㅋ
2024-11-23 15:50:44,안캐 자수 ㄷㄷㄷ,
2024-11-23 15:50:50,지금켰는데 인생몇퍼손해냐?,ㅅㅂ 윌리엄스차는 왜또 실려가고있노
2024-11-23 15:50:51,안캐) 대마초 펴봤다,다소 의역
2024-11-23 15:50:58,지금 라스베가스 기온이 9도밖에안되네 ㅋㅋㅋㅋㅋ,- dc official App
2024-11-23 15:51:00,안캐 기습 자수 ㅋㅋ,
2024-11-23 15:51:01,다소의역)안캐 대마에 취했다,
2024-11-23 15:51:05,어라 재수사형 그걸 어떻게 아시나요,"ㅋㅋㅋ
- dc official App"
2024-11-23 15:51:13,직역) 안캐 국내 대마초 합법화 발언,
2024-11-23 15:51:17,F1 눈나 캡춰 ㅇㅇㅇjpg,ㅇㅇ
2024-11-23 15:51:18,대마얘기나오니까갑자기분위기싸해졌노ㅋㅋㅋㅋㅋㅋ,
2024-11-23 15:51:16,마샬 누나 캡쳐본,내 방에 데브리도 주워가
2024-11-23 15:51:20,기습 자수 후 정적 ㅋㅋㅋㅋㅋㅋㅋ 뇌정지 ㅋㅋㅋ,ㅋㅋㅋ씹
2024-11-23 15:51:20,작년 쿠팡플레이 베가스 현장 중계했었음?,ㅈㄱㄴ
2024-11-23 15:51:20,저거 차 멀쩡한 부위 있음?,"프론트윙 리어윙 서스펜션 사이드팟 새시 플루어 기어박스 엔진
다 박살 아님?"
2024-11-23 15:51:21,에브뤼바디 완츠 투 룰 더 월드~~,~
2024-11-23 15:51:24,마리화나 간접흡연으로도 잡혀갈수있나?,"갑자기 궁금하네 ㅋㅋㅋㅋㅋㅋ
검출되려나"
2024-11-23 15:51:26,쓸데없는 소리했다고 한소리 들었나보네 ㅋㅋㅋㅋ,ㅋㅌㅋㅋ
2024-11-23 15:51:29,부럽습니다 ㅋㅋㅋㅋㅋㅋ,
2024-11-23 15:51:38,ㅋㅋㅋ 마리화나 이야기하지마라 나왓니보네,"바르 침묵
- dc official App"
2024-11-23 15:51:42,LEC VS SAI 데이터 비교 르끌 서스 단단하게 쓰나보네,"스로틀 흔들린거 보고 그런거 ㅇㅇ
- dc official App"
2024-11-23 15:51:45,갑자기 오디오가 비었엌,ㅋㅋㅋ
2024-11-23 15:51:55,순간 정적흐른거 스태프가 대마얘기 하지말라고했나 ㅋㅋ,급 한 5초 정적흐른거 개웃기네
2024-11-23 15:51:57,해밀턴이 지금 빠른 이유,홈타운 스피릿
2024-11-23 15:52:01,순간 정적ㅎㅎㅎ,쿠사리 먹은듯
2024-11-23 15:52:18,pd가 x표 만든듯 ㅋㅋㅋ,
2024-11-23 15:52:21,안캐 계속 자랑중 ㅋㅋㅋ,ㅋㅋㅋㅋㅋ
2024-11-23 15:52:37,케로) 담배랑 마리화나 냄새만 좀 다르더라,피웠다고는 안함
2024-11-23 15:52:37,벨라지오 분수쇼 유명....,- dc official App
2024-11-23 15:52:46,두바이분수쇼 보고왔더니,저 분수 좀 심심한데 흠...
2024-11-23 15:52:47,대마얘기에 pd게이 호다닥 스튜디오에 레드플랙 발령ㅋㅋㅋㅋ,ㅋㅋㅋㅋㅋ
2024-11-23 15:52:53,ㅅㅂ 안캐 개새끼 존나부럽네,"프랙티스 세션도 무급중계해라
- dc official App"
2024-11-23 15:52:56,펠라치오 분수쇼 ㄷㄷㄷ,
2024-11-23 15:53:11,저거 서스펜션 덜렁거리는 거 무슨 기술같은 거임?,기술 이름이 뭐임?
2024-11-23 15:54:04,pd 혼신의 레드플랙 흔들기 ㅋㅋㅋ,"ㅋㅋㅋㅋㅋㅋㅋ
- dc official App"
2024-11-23 15:54:15,오늘도 윾키 눈동자 열일하노,
2024-11-23 15:54:22,쿠플 캐스터 체코 폴없다니까 왜 웃는거죠?,ㅡㅡ?
2024-11-23 15:54:26,디시 고닉 노리스 팝니다,노리스 월챔이랑 교환 받습니다
2024-11-23 15:54:34,츠노다 눈 ㄹㅇ 완전 초롱초롱하네,ㄹㅇ 부비부비 마려움
2024-11-23 15:54:37,쿠플 F1 계약 26년까지던가,지금 분위기면 재계약 할거같지?
2024-11-23 15:54:40,방금 왔는데 체코 탈락임?,Q3 못감?
2024-11-23 15:54:47,체코얘기 나올때마다 웃는거봐라 ㅋㅋㅋㅋ,
2024-11-23 15:54:47,아으 추워보이네,"난 방구석 이불속 존나따뜻한데
- dc official App"
2024-11-23 15:55:05,아 미친 이제 라스베가스 하면,"펠라치오 분수쇼
이거만 생각날듯 ㅋㅋ"
2024-11-23 15:55:25,오늘 날씨면 콕핏은 좀 쾌적하려나?,덜덥나?
2024-11-23 15:55:30,저게 어떻게 레이스카임,고철상에 팔아야겠는데
2024-11-23 15:55:32,츠노다 눈 왜 안뜨고 다니냐는 나쁜말은 ㄴㄴㄴㄴㄴㄴㄴ,ㅋㅋㅋ
2024-11-23 15:55:44,지금 Q3 간게 누구더라,페맥메에 몽골은 갔고
2024-11-23 15:55:57,"펠라치오 분수쇼, 마리화나 합법화","또 뭐가 나올까
- dc official App"
2024-11-23 15:56:04,근데 모두를 웃음짓게하는 체코... 꼭 빠져야할까요?,제발 계약 연장
2024-11-23 15:56:08,저거 벽 파인거 박아서 그런거임??,ㅈㄴ 세게 박았나보네
2024-11-23 15:56:13,츠노다 팬카페에 올리면 밴먹는짤,"합성 아님
원근법 아님
- dc official App"
2024-11-23 15:56:26,사진찍는거 보험사 직원같노 ㅋㅋㅋㅋ,
2024-11-23 15:56:30,이거 데브리 치운다고 트랙온도 떨어져서 q2보다 기록 느리려나,
2024-11-23 15:56:56,트럭 위에 저거 뭐냐,저게 어케 차임 그냥 걸레짝이네 ㄷㄷ
2024-11-23 15:56:57,pppppppppp,
2024-11-23 15:56:59,q3 진출+차 박살 vs q1 탈락,"어떰?
(콜라는 q3도 못 갔지만)"
2024-11-23 15:57:09,황 리 스 = 세 컨 감 임,ㅋㅋ
2024-11-23 15:57:13,라스베가스 현재 날씨,10도면 뛸만 하지
2024-11-23 15:57:23,새로운 디챔 후보 '콜라핀토',형이야~
2024-11-23 15:57:26,소신) 고티피 윌로 복귀해야,
2024-11-23 15:57:26,"라스 베이거스 GP Q1, Q2 탈락자 목록",- dc official App
2024-11-23 15:57:42,직선구간 꼬라지보면 노리스가 몽골보다 롱런 좋을거같긴한데,어짜피 둘다 우승은 못할듯
2024-11-23 15:57:52,체코보다 안귀엽노,
2024-11-23 15:57:56,스피어 개커엽노 ㅋㅋㅋ,
2024-11-23 15:57:58,스피어 ㅈㄴ 귀엽네ㅋㅋㅋ,ㅋㅋㅋ
2024-11-23 15:58:00,존나귀업네ㅋㅋㅋㅋ,"ㅋㅋ
- dc official App"
2024-11-23 15:58:03,스피어 ㄹㅇ 개졸귀 ㅋㅋㅋㅋㅋㅋㅋㅋㅋㅋㅋ,
2024-11-23 15:58:06,와 ㅈㄴ크다 ㅋㅋ,- dc official App
2024-11-23 15:58:06,카스 ㄷㄷㄷ,
2024-11-23 15:58:07,수특 표지마냥 생겼네,ㅇㅇ
2024-11-23 15:58:17,수능특강 닮았노,이거닮음
2024-11-23 15:58:17,체맘 ㅋㅋ,ㅋㅋ
2024-11-23 15:58:19,늦둥이 기원,
2024-11-23 15:58:20,마초 마초맨~,ㅋㅋㅋ
2024-11-23 15:58:29,테오레오 개커플ㄷㄷ,
2024-11-23 15:58:35,저게 3조짜리라는거지? ㅋㅋㅋ,저거 안에 들어갈 수 있음?
2024-11-23 15:58:41,스피어에서 공연하는거 한번 보고 싶은데,저기도 대마냄새 날려나
2024-11-23 15:58:46,공식 할카스 씨발,"공식이 왕점할머니 그랑프리 열게 돼 있냐?
- dc official App"
2024-11-23 15:58:49,맥라렌 팬이 하이네켄 마시네,노줌마인척 하는 몽골견이잔아
2024-11-23 15:58:49,르끌견 르끌견견 ㅋㅋㅋ,
2024-11-23 15:58:50,르끌견견은 머임 ㅋㅋㅋㅋ,ㅋㅋㅋ
2024-11-23 15:58:53,페레즈 저따구로 타는데 팬이 도대체 왜있는겨?,?
2024-11-23 15:58:57,스피어 커엽네... 엪붕이들 같이...,"으흐흐...
왼쪼오오오오옥~!"
2024-11-23 15:58:59,내일 비오냐?,"구름 ㅈㄴ 크게 옆에 있는데
- dc official App"
2024-11-23 15:59:00,르끌견견ㅋㅋㅋㅋㅋ,
2024-11-23 15:59:07,물탕을 버린 흑인,
2024-11-23 15:59:11,스피어 저거 풀 디스플레이임?,유지보수 빡세겠네
2024-11-23 15:59:22,돔구장 스피어 잠실에 만들자,"ㄹㅇ 탐나네
- dc official App"
2024-11-23 15:59:47,스피어 움짤 ㅇㅇㅇgif,ㅇㅇ
2024-11-23 15:59:48,자우버 리버리 은근 괜찮은듯,서킷 분위기에 잘 어올림
2024-11-23 15:59:50,콜라는 출전 가능한가?,불가할 거 같아.
2024-11-23 16:00:05,허구연은 사직 신구장을 스피어로 만들어라,아아악 공습경보
2024-11-23 16:00:11,분탕아니고 궁금해서 그런데,"F1 원래 이정도로 인기 많은 스포츠였음?
지나가다 들렀는데 흥갤 2위네ㅇㅅㅇ 인스타에도 종종 뜨던데 한창 붐인가?
예전에 테레비 채널 막 돌리다가 가끔 나오면 1분정도 보던게 다라서 잘 모름"
2024-11-23 16:00:31,저거 스피어 하남에도 생기는데 하남GP ㄱㄱ,
2024-11-23 16:00:35,저우 Q2간게 보타스가 토우준거였노,"최고의 서포터
- dc official App"
2024-11-23 16:01:04,콜라핀토차 운구되고 있네 ㅋㅋㅋ,사실상 자동차 시체니까 운구가 맞다
2024-11-23 16:01:07,윌팬 피눈물흘리는중,"씨발
- dc official App"
2024-11-23 16:01:08,스피어 U2가 공연한 데구나,아무나 안 받나보네
2024-11-23 16:01:10,시체 배달하네,아
2024-11-23 16:01:22,저거 레이스 전까지 고치기 가능? ㅋㅋ,- dc official App
2024-11-23 16:01:24,드라이버대신 차가 식물인간됨 ㅋㅋㅋㅋㅋㅋ,ㅋㅋㅋㅋ아
2024-11-23 16:01:27,안가려도 될거같은데,안궁 ㅋㅋ
2024-11-23 16:01:33,고로시 퍼레이드,ㅎㅎ존나머네
2024-11-23 16:01:49,샤따내려 ㅋㅋㅋㅋㅋㅋ,
2024-11-23 16:01:51,점마 바퀴가 왜 가로로 달렸노,- dc official App
2024-11-23 16:02:24,의외) 알핀은 수리비챔에서 꽤 하위권,오콘과 가슬리가 똥차 안박고 몰면 그돈모아서 업글하는 팀임
2024-11-23 16:02:32,먹방 ㅋㅋㅋㅋ,- dc official App
2024-11-23 16:02:44,알바가야되는데 ㅈㅂ 시작좀 ㅠㅠ,- dc official App
2024-11-23 16:02:53,ㄷㄷㄷㄷ 페독카세 ㄷㄷㄷㄷ,베가스는 다르긴하네
2024-11-23 16:02:55,사람이름이 어떻게 일본 편의점 이름 ㅋㅋ,- dc official App
2024-11-23 16:02:59,몰라서 물어보는 글에 비추는 왜 박노,배척 좆되네 ㅋㅋ
2024-11-23 16:03:03,로슨 일진같이 생김,
2024-11-23 16:03:24,지금 콜라 차 바퀴 상태,
2024-11-23 16:03:24,앵 하남에 스피어 만드는거 진짜임?,"레전드레전드
- dc official App"
2024-11-23 16:03:57,하 내일 레이스 못보는거 너무 슬프네,결과 하나도 안보고 바로 쿠팡다시보기한다
2024-11-23 16:04:15,레드불 정상화 됐네,"베르스타펜 7위
츠노다 8위인데
아무튼 레드불 2명 다 Q3 진출한거 보면
레드불 정상화 된듯
- dc official App"
2024-11-23 16:04:23,광고타임 제대로 가지네 ㅋㅋㅋㅋㅋ,광고가 끝도 없노
2024-11-23 16:04:37,저우가 잘생긴 걸로는 포디움 들어가지않냐,저우 팬 아님
2024-11-23 16:05:15,걔가 다코스타였어? ㅅㅂ ㅋㅋㅋ,- dc official App
2024-11-23 16:05:22,RB는 Q1 탈락이네,"츠노다랑 베르스타펜은 무난히 올라와늤는데
- dc official App"
2024-11-23 16:05:24,이력: 만델라 만나봄 뭐임 ㅋㅋ,ㅋㅋㅋ
2024-11-23 16:05:28,옷개기 ㅋㅋㅋㅋㅋㅋ,
2024-11-23 16:05:32,베어만이 진짜개잘셩겼던데,ㄹㅇ
2024-11-23 16:05:38,탈모,
2024-11-23 16:05:39,딱히 할 이야기가 없으니까 잠수교 쇼런 이야기가 나오네,ㅋㅋㅋㅋㅋㅋㅋㅋㅋㅋ 근데 해밀턴 나와서 끊겼네
2024-11-23 16:05:46,흑수저 출신 드라이버,‘흑’수저
2024-11-23 16:05:55,요스 저격임?,
2024-11-23 16:06:01,메르 팬 평균 ㅋㅋㅋ,
2024-11-23 16:06:14,옐로 풀렸노,"금방 시작할듯
- dc official App"
2024-11-23 16:06:15,아 빨리 시작하라고ㅋㅋ,ㅋㅋㅋ
2024-11-23 16:06:19,자켓에 짭f-1 뭐노 ㅋㅋㅋㅋ,ㅋㅋㅋㅋㅋㅋ
2024-11-23 16:06:27,이젠 ㄹㅇ 흑수저 드라이버 안나올듯?,가능하긴한거냐
2024-11-23 16:06:28,램지ㅋㅋㅋ,캬
2024-11-23 16:06:30,백수저 요리사 입갤 ㅋㅋㅋㅋㅋㅋㅋㅋㅋㅋ,
2024-11-23 16:06:35,건실한 IT 매니저가 아들 때문에 퇴사하고 쓰리잡을 했으니,
2024-11-23 16:06:37,램지 뭐노 ㅋㅋ,ㅋㅋ
2024-11-23 16:06:44,램지 왔노 ㅋㅋㅋ,
2024-11-23 16:06:54,빨리 시간 띄워,주셈
2024-11-23 16:07:09,안성재는 없냐,싱가폴도 뛰던데 베가스 원정은 외 않갅대??
2024-11-23 16:07:18,고든램지는 요리사로 온거임 아님 셀럽으로 온거임?,패독클럽에 자주 입점했던 거 같은데
2024-11-23 16:07:31,레알 팬ㅋㅋ,ㅋㅋ
2024-11-23 16:07:43,차앞에 세워놓은거 뭐임?,다들 있던데
2024-11-23 16:07:45,기습 라리가 홍보ㅋㅋㅋ,ㅋㅋㅋ
2024-11-23 16:07:47,안캐 라리가 기습홍보 ㅋㅋㅋㅋ,
2024-11-23 16:07:50,기습 라리가 홍보 ㅋㅋㅋ,ㅋㅋㅋ
2024-11-23 16:07:49,안캐 기습 홍보 ㅋㅋㅋㅋ,
2024-11-23 16:07:51,안캐 기습 홍보ㅋㅋ,ww
2024-11-23 16:07:53,어떻게 호텔 이름이 처녀호텍,- dc official App
2024-11-23 16:07:53,기습 라리가 홍보,대 팡
2024-11-23 16:07:54,기습 라리가 홍보 ㅋㅋㅋ,안캐일잘하네 ㅋㅋ
2024-11-23 16:07:55,라리가 기습시워ㅋㅋㅋㅋㅋ,ㅋㅋㅋㅋㅋ
2024-11-23 16:07:56,기습홍보 ㅋㅋㅋ,"스포츠 중계는 쿠팡플레이
- dc official App"
2024-11-23 16:07:58,기습홍보 ㅋㅋㅋㅋ,ㅋㅋㅋㅋㅋㅋ
2024-11-23 16:08:00,안캐 기습 라리가 홍보 ㅋㅋㅋㅋ,아 돈벌어야된다고 ㅋㅋ
2024-11-23 16:08:01,JOATAL,좆알
2024-11-23 16:08:01,라리가 틈새 광고 ㅋㅋㅋㅋ,
2024-11-23 16:08:01,안캐 라리가 기습홍보 ㅋㅋ,"지지합니다
- dc official App"
2024-11-23 16:08:03,기습 쿠플 홍보 ㅋㅋㅋ,대마 얘기해서 얼굴굳은 pd 얼굴 활짝
2024-11-23 16:08:04,레드플랙 짦번역)츠노다 입밴당한 이유,"https://www.motorsport.com/f1/news/tsunoda-explains-us-customs-ordeal-after-he-nearly-got-sent-back-home/10674794/
Tsunoda explains US customs ordeal after he ""nearly got sent back home""
Tsunoda explains US customs ordeal after he ""nearly got sent back home""
www.motorsport.com
“아 뭐 잠옷 차림이어서 그랬을 수도 있고…색도 좀..뭐 그랬어요. 거기서 너무 압박을 크게 받아서 한마디도 못했어요. 뭔가 말했다가는 더 큰일날 거 같았거든요. 그래도 잘 지나왔으니 다행이에요!”
“Pyjama”라고 표현한 걸 보면…
츄리닝 걸치고 비행기에서 자서 후줄근한 비주얼+유키식 영어 억양으로 “아니 저 F1 드라이버라고요”하면
입국심사에서 의심할 만도 하지 않았을까?"
2024-11-23 16:08:12,먼 라리가여 세리에나 데려와라 쿠팡아,나 피오렌티나 경기 봐야대
2024-11-23 16:08:40,23시9분 시작,- dc official App
2024-11-23 16:08:59,대슬리 ㅋㅋ,대
2024-11-23 16:09:01,디챔 ㅋㅋㅋㅋㅋㅋ,
2024-11-23 16:09:14,사인지 스피어짤,
2024-11-23 16:09:14,퀄리파잉 시작 순서는 드챔 순서임?,"막스가 계속 먼저 출발하네
- dc official App"
2024-11-23 16:09:15,디챔 입갤 ㅋㅋㅋㅋㅋㅋㅋ,스스로 부순거만 따지는구나 ㅇㅎ..
2024-11-23 16:09:16,블랙시리즈 셒카 오랜만이네,"유일하게 반가운 빨갱이
- dc official App"
2024-11-23 16:09:18,디챔 뒤에서 1위 ㅋㅋㅋ,ㅋㅋㅋ
2024-11-23 16:09:27,신슬리ㅋㅋ,ㄹㅇㅋㅋ
2024-11-23 16:10:00,역시 큰일은 가슬리가 ㅋㅋㅋ,ㅋㅋㅋㅋ
2024-11-23 16:10:00,사인츠가 올리를 키운다고?,- dc official App
2024-11-23 16:10:49,왜 중위권은 타이어 못바꿈?,- dc official App
2024-11-23 16:11:05,삑사리 ㅋㅋ,- dc official App
2024-11-23 16:11:19,형들 규정 바뀐다던데 전폭 줄면 차가 민첩해짐?,"내 지식으론 휠베 짧아지면 민첩해지고 휠베 길면 안정적인데
전폭도 똑같이 넓을수록 안정적인데
반대로 전폭 작아지면 민첩해지는거임?"
2024-11-23 16:11:20,GR 리버리 입힌 프리우스,낭만 치사량 ….
2024-11-23 16:11:21,콜라 차 부쉈노,
2024-11-23 16:11:30,전기차사운드가 나노..,
2024-11-23 16:11:53,2024시즌은 레전드다,뭐? 25년으로 스킵하면 안되냐고?
2024-11-23 16:11:59,스피어 눈깔 좀 소름끼치노,ㅇ
2024-11-23 16:12:21,케로: f1 이렇게 재밌는거 아니다,다소의역
2024-11-23 16:12:21,케로) 담시즌 노잼이라고 튀지마라 도파민중독자새끼들아,너없으면 망함
2024-11-23 16:12:39,근데 저 디챔은 공신력 있는거임?,아님 걍 팬이나 언론에서 비공식적으로 집계한거임?
2024-11-23 16:13:07,디챔 경쟁 개치열하긴 함,
2024-11-23 16:13:24,가슬리 그냥 레드불로 다시 불러,
2024-11-23 16:13:24,대슬리 기습시위 ㄷㄷ,
2024-11-23 16:13:28,대인츠 ㅅㅅㅅㅅㅅ,
2024-11-23 16:13:30,대인츠 ㄷㄷ,ㄷ
2024-11-23 16:13:37,대인츠ㄷㄷ,"뭐노ㄷㄷ
- dc official App"
2024-11-23 16:13:37,나갈 때 까지 페라리 퍼스트 ㄷㄷ,
2024-11-23 16:13:39,대 인 스 ㅅㅅㅅㅅ,
2024-11-23 16:13:45,쥬지 섹스 ㄴㅋㅋㅋ,ㅋㅋ
2024-11-23 16:13:48,대인츠 ㄷㄷㄷ,ㅅㅅ
2024-11-23 16:13:50,쥬지 또 달린다 ㅋㅋㅋ,
2024-11-23 16:13:52,러셀 진짜 미쳣네ㅋㅋㅋ,- dc official App
2024-11-23 16:13:56,메르 머노 ㅋㅋㅋㅋ,
2024-11-23 16:13:58,21시즌 다음이 23시즌이었으면,"팬들 얼마나 탈주했을까
22는 페라리가 그나마 버텼는데"
2024-11-23 16:14:22,레드불 마지막에 아예 셋업 새로잡았다는거 본거같은데,성공했는갑네ㅋㅋ
2024-11-23 16:14:26,서킷 식어서 랩탐 떨어졌네,1:32.6정도가 폴일려나
2024-11-23 16:14:39,막스 2위 ㅅㅅㅅ,
2024-11-23 16:14:46,대 자 지,
2024-11-23 16:14:49,대 쥬 지,
2024-11-23 16:14:50,대쥬지,
2024-11-23 16:14:52,섹스쥬지 ㅅㅅㅅ,ㅅㅅ
2024-11-23 16:14:56,대쥬지.,- dc official App
2024-11-23 16:14:56,32초 결국 뜨네 ㄷ,
2024-11-23 16:14:56,가속구간 길어서 그런가 메르가 엄청 빠르네,맞나?
2024-11-23 16:15:01,메르 존나빠르노,
2024-11-23 16:15:03,대쥬지,
2024-11-23 16:15:04,쥬지 폴투윈 가나,
2024-11-23 16:15:07,쥬지 뭐임,- dc official App
2024-11-23 16:15:08,이번주는 ㄹㅇ 메르의 주말 되겠노,일관되게 퍼포먼스가 좋네
2024-11-23 16:15:22,트랙에볼루션 왤캐 큼 ㅋㅋㅋㅋ,지리네
2024-11-23 16:15:29,으이그,ㅇ
2024-11-23 16:15:47,그래도 콜라 안 한 게 어디냐,
2024-11-23 16:15:50,폴 랩 타임 작년보다 느릴 확률 몇퍼냐,작년 르끌 1:32:726
2024-11-23 16:15:54,아 제발 쥬지 3번째 우승,
2024-11-23 16:15:55,쥬지진짜 전략만 잘 짜면 우승하것네,"지금 레이싱 폼은 빨딱이다
- dc official App"
2024-11-23 16:16:00,매직버튼 시즌2,- dc official App
2024-11-23 16:16:03,퇴 물 탕,에휴
2024-11-23 16:16:08,쥬지 제발 우승 제발,시발련아
2024-11-23 16:16:55,해밀턴 왜 +15임?,에이징커브임?
2024-11-23 16:17:14,페라리 3등안으로만 퀄리끝내면 레이스 우승각보일듯,"롱런 타이어관리가 좋은듯
- dc official App"
2024-11-23 16:17:14,도박의 도시 라스베가스 이건 쥬지 우승이지,프로도박사 쥬지 폴투윈각
2024-11-23 16:17:16,하지만 맥라렌이 새타이어를 끼면 어떨까?,"맥!
라!
렌!"
2024-11-23 16:17:16,쥬지 우승 1번 한 것도 앞에 몽골 노짱 둘이서 꼬라박아서 한거라서,"사실상 실력으로 한건 없음.. 시즌 중반에 메르 페이스 좋을때는 연속된 개씨발억까로 다 날렸고
시발 이번에 진짜 우승 좀 해보자"
2024-11-23 16:17:21,쥬지 개섹스,"폴투윈 가자
- dc official App"
2024-11-23 16:17:30,드리프트 ㅋㅋ,
2024-11-23 16:17:31,미끌 정품,
2024-11-23 16:17:32,미끌레ㄹㄹㄹㄹㄹㄹ ㅋㅋ,- dc official App
2024-11-23 16:17:34,ㅇㅇㅇ의 주말: 프랙만 잘하고 본레이스 좆망,ex. 티포시의 주말 콘
2024-11-23 16:17:36,내년엔 온보드 캠 다 신형으로 바꾸려나?,속도감 섹스네 ㄹㅇ
2024-11-23 16:17:39,지금봤는데 저기 개춥겠다,"트랙 13.6도
에어 11.7도  ㅋㅋㅋ
- dc official App"
2024-11-23 16:18:32,벽이랑 뽀뽀 ㅋㅋ,
2024-11-23 16:18:35,꿈과 희망 2편될뻔 ㅋㅋㅋㅋ,ㅋㅋㅋㅋㅋ
2024-11-23 16:19:06,아이브 내미 ㅋㅋㅋ,ㆍ
2024-11-23 16:19:25,기습 퀴즈 ㅋㅋㅋ,
2024-11-23 16:19:27,잘한다 하니까 십련이,폴따라
2024-11-23 16:19:27,로이테만 프로스트 르끌레르 레츠고 ㅋㅋㅋ,
2024-11-23 16:19:29,퀴즈입갤ㅋㅋㅋ,ㅋㅋㅋ
2024-11-23 16:19:32,케로의 깜짝 퀴즈쇼 ㅋㅋㅋㅋ,
2024-11-23 16:19:33,기습문제 ㅋㅋ,ㅋㅋ
2024-11-23 16:19:35,퀴즈쇼는 시발 ㅋㅋㅋㅋㅋㅋ,ㅋㅋㅋㅋㅋㅋ
2024-11-23 16:19:36,레우테만이 아니라 로이테만이라고,아오
2024-11-23 16:19:37,기습퀴즈 ㅋㅋㅋㅋㅋ,
2024-11-23 16:19:40,케로는 왜 맨날 안캐 퀴즈로 괴롭힘 ㅋㅋ,
2024-11-23 16:19:42,케로 정치발언 ㄷㄷ,
2024-11-23 16:19:47,퀴즈쇼 ㅈㄴ 귀엽네 그냥ㅋㅋㅋ,- dc official App
2024-11-23 16:19:48,축하까짘ㅋㅋㅋㅋ,
2024-11-23 16:19:57,이러다가 안캐가 직장내 괴롭힘으로 신고하겠네 ㅋㅋㅋㅋ,ㅋㅋㅋㅋㅋㅋㅋㅋㅋㅋ
2024-11-23 16:20:01,축하드립니다(아무도 못맞힘),ㅋㅋㅋㅋㅋ
2024-11-23 16:20:11,쥬지 웜업랩 한번만돌생각인가보네,헤에
2024-11-23 16:20:31,경품까진 없고 걍 축하만 ㅋㅋㅋ,스페인어권이라서 맞출만 해
2024-11-23 16:20:34,메르 원투 할거 같은데,- dc official App
2024-11-23 16:20:50,아 맥라렌 좆망한거 같다 ㅋㅋ,
2024-11-23 16:20:50,기대하는 메르팬중에 뉴비만 봐라.,메르의 주말 가야겠지??
2024-11-23 16:20:54,르끌 조졌네 아,
2024-11-23 16:20:59,쥬지는 신이야…,- dc official App
2024-11-23 16:21:04,레드불 컨챔은 ㅋㅋㅋㅋㅋ,- dc official App
2024-11-23 16:21:04,쥬지 섹터1에서 얼마나 빨랐던거냐 ㅋㅋㅋ,
2024-11-23 16:21:09,아씨발 르끌 기록 조졌다,
2024-11-23 16:21:12,쥬지 존나 빨랐었노 ㅋㅋㅋㅋ,ㅋㅋㅋ
2024-11-23 16:21:24,츠노다 계속 1번에서 언더나네,- dc official App
2024-11-23 16:21:25,황끌 드가자,
2024-11-23 16:21:27,맥라렌 ㅈㅈ ㅋㅋ,
2024-11-23 16:21:28,레우테만 이름 처음 봤을땐 독일 사람인 줄 알고,Reutemann을 로이터만으로 불렀는데 아르헨티나 사람이었더라
2024-11-23 16:21:29,+242 +249 +387ㅋㅋㅋㅋㅋ,대 쥬지
2024-11-23 16:21:30,르끌 보여주나?!,- dc official App
2024-11-23 16:21:38,르끌 P2 가보자,
2024-11-23 16:21:43,피아제 컷,
2024-11-23 16:21:44,맥라렌 350 안 나온건가?,못 찍은 느낌인데
2024-11-23 16:21:52,노진구 컷,
2024-11-23 16:21:56,ㅅㅅㅅㅅㅅㅅㅅㅅㅅ,
2024-11-23 16:21:56,대 황 끌,
2024-11-23 16:21:58,대 황 끌,
2024-11-23 16:22:00,황끌ㄷ,ㄷ
2024-11-23 16:22:03,대 끌 레 ㅋㅋㅋ,ㅋㅋㅋ
2024-11-23 16:22:03,대 황 끌 ㅋㅋㅋㅋㅋㅋㅋ,
2024-11-23 16:22:03,대황끌ㅋㅋㅋ,ㅋㅋㅋㅋㅋ
2024-11-23 16:22:03,대황르끌레르 ㅋㅋㅋ,
2024-11-23 16:22:04,대황끌 ㅅㅅㅅ,
2024-11-23 16:22:04,대 르 끌,
2024-11-23 16:22:04,대 황 끌,
2024-11-23 16:22:05,대황끌ㅋㅋ,캬
2024-11-23 16:22:06,황끌레ㅋㅋㅋㅋㅋ,- dc official App
2024-11-23 16:22:07,대끌레르 ㅋㅋㅋㅋ,
2024-11-23 16:22:08,대르끌!!!!,- dc official App
2024-11-23 16:22:07,대 황 끌 ㅅㅅㅅㅅ,
2024-11-23 16:22:11,물탕 시발아 ㅋㅋ,ㅋㅋ
2024-11-23 16:22:11,퇴 물 탕 은 퇴 해,ㅉㅉ
2024-11-23 16:22:12,대 인 지,
2024-11-23 16:22:12,ㅅㅅㅅㅅㅅㅅㅅㅅ 사신츠,
2024-11-23 16:22:13,대인츠 ㅋㅋ,ㅋㅋㅋㅋㅋㅋ
2024-11-23 16:22:14,대인지 ㅋㅋㅋㅋㅋㅋㅋㅋㅋㅋㅋㅋㅋㅋㅋㅋㅋㅋㅋㅋ,ㅅㅅㅅㅅㅅㅅㅅㅅㅅㅅㅅ
2024-11-23 16:22:14,대 인 지,
2024-11-23 16:22:14,대 인 츠,
2024-11-23 16:22:15,대인지 ㅋㅋㅋㅋㅋㅋㅋ,ㅋㅋㅋ
2024-11-23 16:22:16,씨발 대황끌 가자,
2024-11-23 16:22:16,캬 시발 ㅋㅋㅋㅋㅋㅋ,이거거든
2024-11-23 16:22:17,대 라 리,ㅅㅅㅅㅅ쇼ㅛ
2024-11-23 16:22:17,퇴물탕 ㅋㅋㅋㅋ,
2024-11-23 16:22:17,대 라 리 ㅅㅅㅅㅅㅅ,
2024-11-23 16:22:18,대 르 끌,
2024-11-23 16:22:18,대황리리!!!!!,캬
2024-11-23 16:22:19,가슬리 뭐야 시발ㅋㅋ,
2024-11-23 16:22:15,대르끌 ㅅㅅㅅㅅㅅㅅ,
2024-11-23 16:22:19,가슬리 ㄷㄷ,ㄷ
2024-11-23 16:22:19,가슬리 뭐임ㅋㅋㅋㅋㅋ,
2024-11-23 16:22:20,가슬리 시발????,
2024-11-23 16:22:21,아니 가슬리 무ㅗ노 ㅋㅋㅋㅋㅋ,ㅋㅋㅋ
2024-11-23 16:22:21,대슬리 ㅋㅋㅋ,
2024-11-23 16:22:21,가슬리 기습 2위 ㄷㄷ,
2024-11-23 16:22:23,대-라리,"대-라리
- dc official App"
2024-11-23 16:22:23,대 라 리 ㅋㅋㅋ,ㅋㅋㅋ
2024-11-23 16:22:23,가슬리 2위?????,
2024-11-23 16:22:23,가슬리 머꼬 ㅋㅋㅋㅋㅋㅋ,
2024-11-23 16:22:24,가슬리 기습 p2 zzzzzz,- dc official App
2024-11-23 16:22:24,대라리ㅣㅣㅣㅣㅣㅣㅣ,- dc official App
2024-11-23 16:22:25,황슬리 씨발 ㅅㅅㅅㅅㅅㅅㅅㅅㅅㅅㅅㅅㅅㅅㅅㅅㅅㅅㅅㅅㅅㅅ,ㅋㅋㅋㅋㅋㅋㅋㅋㅋㅋㅋㅋ
2024-11-23 16:22:25,대 슬 리,미친 뭐임
2024-11-23 16:22:25,퇴물탕 시발아ㅋㅋㅋㅋㅋㅋㅋ,
2024-11-23 16:22:26,갓ㄹ리뭐임ㅋ,ㅋㅋㅋ
2024-11-23 16:22:26,가슬리 p2 ㅋㅋㅋㅋ,
2024-11-23 16:22:27,가슬리 뭔데ㅋㅋㅋㅋㅋ,
2024-11-23 16:22:27,대 슬 리 ㅋㅋㅋㅋㅋㅋㅋㅋㅋㅋㅋ,
2024-11-23 16:22:27,와 인츠 미친,
2024-11-23 16:22:29,가슬리 ㅁㅊ,뭔데
2024-11-23 16:22:29,알핀 기습시위 ㄷㄷㄷ,"어케함? ㄷㄷ
- dc official App"
2024-11-23 16:22:29,대 슬 리,- dc official App
2024-11-23 16:22:30,가슬리뭐임?,시발 ㅋㅋㅋㅋ
2024-11-23 16:22:30,몽골 따잇 ㅋㅋㅋㅋㅋㅋ,
2024-11-23 16:22:31,대 라 리,
2024-11-23 16:22:33,알밑레ㅋㅋㅋㅋㅋ,
2024-11-23 16:22:33,황슬리 시발아,- dc official App
2024-11-23 16:22:34,가슬리 미친새끼야,
2024-11-23 16:22:34,막스 4위 ㅅㅅㅅㅅㅅㅅㅅ,
2024-11-23 16:22:36,가슬리 눠야,
2024-11-23 16:22:35,가 밑 몽 ㅋㅋㅋㅋㅋㅋㅋ,
2024-11-23 16:22:35,알핀 똥차라던 개미친 약코충새끼들 누구야,나와
2024-11-23 16:22:36,가슬리 뭐임,ㅅㅂ
2024-11-23 16:22:33,대 슬 리,
2024-11-23 16:22:38,쥬지 폴 ㄷㄷ,
2024-11-23 16:22:38,대 쥬 지,
2024-11-23 16:22:40,대쥬지 ㅋㅋㅋ,ㅋㅋㅋㅋㅋㅋ
2024-11-23 16:22:40,대 자 지 ㅋㅋㅋㅋㅋㅋㅋㅋ,
2024-11-23 16:22:41,황쥬지 ㅅㅅㅅㅅㅅ,ㅅㅅ
2024-11-23 16:22:42,대쥬지 ㄷㄷㄷ,
2024-11-23 16:22:42,대 쥬 지,
2024-11-23 16:22:42,가슬리??,- dc official App
2024-11-23 16:22:43,대쥬지 ㅎㄱㄷ,- dc official App
2024-11-23 16:22:44,페라리 잘했다 그래도 굿굿,
2024-11-23 16:22:45,사인츠 폴 아쉽,
2024-11-23 16:22:45,대쥬지ㅋㅋ,캬
2024-11-23 16:22:45,쥬지1 위탈환 ㅋㅋㅋㅋㅋ,
2024-11-23 16:22:46,대 자지 ㅋㅋㅋ,
2024-11-23 16:22:46,쥬지 폴 ㅋㅋㅋㅋㅋㅋㅋㅋ,ㅋㅋㅋ
2024-11-23 16:22:47,대황셀ㅋㅋㅋㅋ,- dc official App
2024-11-23 16:22:47,펠라단 출격ㅋㅋㅋㅋㅋ,- dc official App
2024-11-23 16:22:47,대 쥬 지 뭐노ㅋㅋㅋㅋ,- dc official App
2024-11-23 16:22:47,대슬리>>>느그퍼스트,ㅋㅋㅋzzzzz
2024-11-23 16:22:49,쥬지... 폼좋네,- dc official App
2024-11-23 16:22:49,대 쥬 지,ㅋㅋㅋㅋㅋㅋㅋㅋ
2024-11-23 16:22:50,대 쥬 지,대 쥬 지
2024-11-23 16:22:50,아니 가슬리 뭐야 ㅋㅋㅋㅋㅋㅋㅋ,"어케햇냐 ㄹㅇ
- dc official App"
2024-11-23 16:22:51,발 기 쥬 지 ㅋㅋㅋㅋㅋㅋㅋㅋㅋㅋㅋㅋㅋㅋㅋㅋㅋㅋㅋㅋㅋ,ㅋㅋㅋㅋㅋㅋㅋㅋㅋㅋㅋ
2024-11-23 16:22:52,대 자 지 ㅋㅋㅋㅋㅋㅋ,캬ㅑ ㅋㅋㅋㅋㅋㅋㅋㅋㅋㅋ
2024-11-23 16:22:52,캬 미쳤다 와 ㅋㅋㅋㅋ,오늘 퀄리 레전드네 ㅋㅋㅋㅋ
2024-11-23 16:22:52,쥬지 호바바바바바밧,
2024-11-23 16:22:53,개슬리 기습 시위 뭐노 ㅋㅋㅋ,ㅋㅋ
2024-11-23 16:22:53,퇴 물 탕 나 가 뒤 져,죽어
2024-11-23 16:22:52,물탕이 뭐 했냐 시발 ㅋㅋㅋㅋㅋ,
2024-11-23 16:22:53,아니 가슬리 시발 진짜 왜저럼 ㅋㅋㅋㅋㅋㅋㅋㅋㅋ,
2024-11-23 16:22:54,승리의 펠라단ㅋㅋㅋㅋ,
2024-11-23 16:22:54,물탕 ㅆㅂ,
2024-11-23 16:22:56,갓쥬지,ㅠㅠ
2024-11-23 16:22:57,가슬리 미친 ㅋㅋㅋ,- dc official App
2024-11-23 16:22:57,거거거거거거거걱거거걱,
2024-11-23 16:22:58,대쥬지 찬양 ㅅㅂ ㅋㅋ,- dc official App
2024-11-23 16:22:58,대 쥬 지,"ㅋㅋㅋㅋ
- dc official App"
2024-11-23 16:22:58,가슬리 3은 도대체 ㅅㅂㅋㅋㅋㅋㅋㅋ,ㅋㅋㅋㅋ
2024-11-23 16:22:58,가슬리 뭐야 이 미친새끼야,끼야아아악
2024-11-23 16:22:59,페라리 잘했다,- dc official App
2024-11-23 16:22:59,호바바바ㅏ바바밧ㅅㅅㅅㅅ,ㅅㅅ
2024-11-23 16:22:59,노쪽이컽ㅋㅋㅋㅋㅋㅋㅋㅋㅋㅋㅋㅋㅋㅋㅋㅋㅋㅋㅋㅋㅋㅋ,
2024-11-23 16:23:00,가슬리 p3 무친 ㅋㅋㅋㅋㅋㅋㅋㅋㅋㅋ,개쩌네
2024-11-23 16:23:01,대황쥬지,풀.발.기
2024-11-23 16:23:01,알핀 반란 ㅈㄴ 웃기네ㅋㅋㅋㅋㅋ,대 슬 리
2024-11-23 16:23:01,가슬리 미쳤노ㅋㅋㅋㄲㅋ,- dc official App
2024-11-23 16:23:02,대슬리 >>> 막스 느그스타펜 ㅋㅋ,- dc official App
2024-11-23 16:23:02,맥 개폭망 ㅋㅋㅋㅋㅋㅋ,씨발아
2024-11-23 16:23:05,황슬리 세컨로우 ㅋㅋㅋㅋㅋㅋ,왘ㅋㅋㅋㅋㅋㅋㅋㅋㅋ
2024-11-23 16:23:05,가슬리 시발 뭐임??? 토잉 받음?,ㅁㅊㅁㅊ 대알핀
2024-11-23 16:23:06,알핀 개똥차라며 ㅅㅂ ㅋㅋㅋㅋㅋ,- dc official App
2024-11-23 16:23:07,멕라렌 캇 ㅋㅋㅋㅋㅋㅋ,
2024-11-23 16:23:10,가슬리 어케했노 대체 ㅋㅋㅋㅋ,개쩌네
2024-11-23 16:23:10,와 가슬리 미친놈,머냐
2024-11-23 16:23:10,역시 도박의 고장은 라스베가스 ㅋㅋㅋㅋㅋㅋ,
2024-11-23 16:23:11,페라리 컨챔 레츠고!!,가자
2024-11-23 16:23:12,해밀턴 왜 +15.9임?,에이징커브임?
2024-11-23 16:23:12,물탕이 새 랩 못 돌았음?,ㅈㄱㄴ
2024-11-23 16:23:12,가슬리 머선일이고,
2024-11-23 16:23:14,맥라렌 좋됐따 ㅋㅋㅋㅋㅋㅋㅋㅋㅋㅋㅋㅋ,좆망 ㅋㅋㅋㅋㅋㅋ
2024-11-23 16:23:14,가슬리 p3 뭐냐 진짜 ㅋㅋㅋ,
2024-11-23 16:23:17,주바바~,~
2024-11-23 16:23:17,주바바 이지랄 ㅋㅋㅋ,
2024-11-23 16:23:18,캐리요,어 형이야
2024-11-23 16:23:18,10초동안 행복했다,아
2024-11-23 16:23:19,주파바 ㅋㅋㅋㅋㅋㅋ,
2024-11-23 16:23:19,사인츠 짜르고 해밀턴 ㅋㅋㅋㅋㅋ,
2024-11-23 16:23:21,가슬리 P3는 어케한거야 ㅋㅋㅋㅋ,ㅁㅊㅋㅋㅋ
2024-11-23 16:23:21,황슬리 뭐노 ㅋㅋㅋ,
2024-11-23 16:23:22,주바바ㅋㅋㅋㅋ,- dc official App
2024-11-23 16:23:22,대 쥬 지 zzz,
2024-11-23 16:23:25,주파밬ㅋㅋㅋ,
2024-11-23 16:23:26,뭔 뜻이고 ㅋㅋㅋ,
2024-11-23 16:23:25,1 2 3에 호감 드라이버만ㅋㅋ,섹스ㅋㅋ
2024-11-23 16:23:26,대 슬 리 ㅅㅅㅅ,ㅅㅅㅅㅅ
2024-11-23 16:23:28,가슬리 미친놈인데?,?
2024-11-23 16:23:30,페라리 컨챔각이다!!!!,ㄹㅇㅋㅋ
2024-11-23 16:23:29,쥬파바 ㅋㅋㅋㅋㅋㅋㅋㅋㅋ,
2024-11-23 16:23:33,쥬파바~,- dc official App
2024-11-23 16:23:33,근데 진짜 레드불타고 자우버한테 따잇은 뭐냐,"그럼 지금 체코가 자우버 타면 얼마나 더 못한다는거임???
- dc official App"
2024-11-23 16:23:34,이게 퀄리지 ㅋㅋ,캬 맛돌이네
2024-11-23 16:23:35,경 제발 잘 좀 해봐 내년에 어떡할겨,
2024-11-23 16:23:35,쥬밑사밑가밑르밑몽ㅋㅋㅋㅋㅋㅋㅋㅋㅋㅋㅋㅋㅋ,
2024-11-23 16:23:37,"신슬리 2경기 연속 포디움하냐?""? 드가제",똥 차 갑
2024-11-23 16:23:42,뎀바바 ㅋㅋㅋㅋㅋ,ㅋㅋㅋㅋ
2024-11-23 16:23:43,가슬리 어케했노ㅋㅋㅋ,미쳐버린ㅋㅋ
2024-11-23 16:23:44,도박과 유흥의 도시라 홈그라운드 버프가 뜨네 ㅋㅋㅋㅋ,영역 전개
2024-11-23 16:23:45,퇴물탕 숏런 올해 계속 죽쑤네,흠
2024-11-23 16:23:45,가슬리 뭐노,"ㅈㄴ 잘하네
- dc official App"
2024-11-23 16:23:48,페라리 더블포디엄 하면,컨챔 살아있음?
2024-11-23 16:23:48,막스 가슬리한테 따 - 잇 ㅋㅋ,ㅋㅋ
2024-11-23 16:23:51,메르 오늘 주사위 6떴누,"내내 주사위 3 4 뜨다가 6 ㄷㄷ
- dc official App"
2024-11-23 16:23:54,물탕이는 뭔일임?,ㅇㅇ?
2024-11-23 16:23:55,라스베거스에선 도박사 쥬지지 ㅋㅋ,- dc official App
2024-11-23 16:23:55,좆물탕 이 좋은 차 타고 아오,아
2024-11-23 16:23:55,츠노다: 가슬리 어떰 ?,"ㅋㅋㅋ
- dc official App"
2024-11-23 16:23:57,펠라치오창녀단들 출격~,"외쳐 대 자 지
- dc official App"
2024-11-23 16:24:02,대 황 쥬 지,쥬바바 이게 야스다 ㅋㅋ
2024-11-23 16:24:08,저런 병신이 2+1년 4400억 씨발 ㅠㅠ,
2024-11-23 16:24:19,아니 막판에 알핀 포인트 너무 잘 벌어가는거 아니야?,츠노다 앞인게 호재네 ㅋㅋㅋㅋ
2024-11-23 16:24:21,퇴물탕 시발,ㅇ
2024-11-23 16:24:21,가슬리 ㄹㅇ 어케했노ㅋㅋ,가밑몽밑노
2024-11-23 16:24:27,❗+❗+막스 베르스타펜의 4회 드챔을 축하합니다❗+❗+,예 뭐 노쪽이보단 나은거 같긴 하네요
2024-11-23 16:24:30,연간 1400억짜리 치매흑인 ㅋㅋㅋㅋㅋㅋㅋ,그저 좆라리
2024-11-23 16:24:32,퇴물탕 시발,사인지야 가지마 ㅠㅠㅠ
2024-11-23 16:24:35,가슬리 p3 츠노다 p6?,이게 맞음? ㅋㅋ
2024-11-23 16:24:37,역시 토사장 버릴새끼 바로버리노ㅋㅋㅋㅋㅋㅋㅋ,
2024-11-23 16:24:38,1 2 3위 예측한 새끼 있긴하냐ㅠㅋㅋㅋㅋㅋㅋ,
2024-11-23 16:24:41,르끌레 숏런 장점 다 희석됐노,"롱런 잘 타진 대신에 작년부터 사인츠한테 자주 따임
대인츠가 잘해진거같기도"
2024-11-23 16:24:41,쥬지 시발 개섹스,"폴투윈 가자
- dc official App"
2024-11-23 16:24:50,컨스트럭터 세팀 나란히,
2024-11-23 16:24:50,근데 체코보니까 대밀턴인데?,흠...
2024-11-23 16:24:52,가슬리 시계가 고장난거아님??,"어캐했노
- dc official App"
2024-11-23 16:25:02,하시발,맥라렌 좆됐네 컨챔 존나불안한데
2024-11-23 16:25:03,그래서 르노 왜 철수함?,"퀄리 3위까지 해줬는데?
- dc official App"
2024-11-23 16:25:03,파파야 둘이 어디쳐갔노 시발,마마보고왔더니 포디움에서 사라졌노
2024-11-23 16:25:07,쥬지 2승 가자 ㅅㅂ,브라질 억까당했는데 이번엔
2024-11-23 16:25:08,알핀 저기있는거 적응이안되네 ㅅㅂㅋㅋㅋ,
2024-11-23 16:25:11,이번 퀄리도 진짜 개꿀잼이네 무난히 메르원투일줄 알았건만ㅋㅋㅋㅋ,대황슬리 ㄷㄷㄷ
2024-11-23 16:25:13,분위기도 좋고 성능도 좋고 차도 좋은데,
2024-11-23 16:25:13,저런 사인츠 버리고 데려온게 치매노인 ㅋㅋㅋㅋ,씨발
2024-11-23 16:25:16,가슬리 시발련아 어케했노,어케했냐고시발련아
2024-11-23 16:25:19,쥬지야 T자 한번만,드가자
2024-11-23 16:25:19,주바바가 아니라 쮸보봅이였노 ㄷㄷ,쥬지폴 ㄷㄷ
2024-11-23 16:25:23,그와중에 츠노다 P7 와 ㅋㅋ,- dc official App
2024-11-23 16:25:23,드디어 러셀이 시즌 3번째 우승을 하는구나,
2024-11-23 16:25:23,그러니까 오콘이 p3하는 차 타고 탈락하는 병신이라고?,
2024-11-23 16:25:27,저 폭로가 뭐 말하는거임?,??
2024-11-23 16:25:30,알핀 요새 잘하네,
2024-11-23 16:25:32,내년 페라리 <<<- 사인지 내치고 해물탕 들어감 ㅋㅋㅋㅋ,역시 뇌지컬은 페라리
2024-11-23 16:25:35,?? : 말했잖아 내가 진짜 도박하나는 잘한다니까,"라스베가스는 하나의 거대한 도박판이잖아
여긴 내 판이야"
2024-11-23 16:25:36,???:막스 이 인면어 새끼야,"하...알핀보다 느리냐
- dc official App"
2024-11-23 16:25:43,아 T 포즈 안 해주네 ㅋㅋㅋ,기대했는데 아쉽
2024-11-23 16:25:47,페라리 그래도 잘했다,"온도 낮은 트랙에서 타이어 웜업 걱정부터 했는데
가슬리 변수 없얶다면 2-3이니까
나름 잘했다 음"
2024-11-23 16:25:45,지금 존나 떨리면 개추,"ㅈ망했다 시발
- dc official App"
2024-11-23 16:25:56,가슬리 이새끼 고점은 높음,"조종성이 너무 어렵지도 않으면서 타이어 웨어가 좋고 프론트 그립이 뛰어나면 됨.. 레드불 시절은 우선 첫번째를 충족을 못한거고.
F1 올드비는 시즌 중반에 알핀이 프론트윙 업글하고서 가슬리 폼이 확 뛴걸 눈치챘을거임. 확실히 자기한테 좀 맞는 차 가져다주고 성능만 보장되면 존나 잘타는건 맞음 ㅇㅇ 저점도 존나 낮지만 오콘이랑만 비교해봐도 고점도 높음"
2024-11-23 16:25:56,핫핑크 리버리는 강팀의 증거,
2024-11-23 16:26:03,가슬리는 왜 3위임?,진짜모름
2024-11-23 16:26:05,계약 무효화 안될까요?,시발 진짜 제발요
2024-11-23 16:26:07,대 슬 리,
2024-11-23 16:26:08,르끌 4윈가,어?
2024-11-23 16:26:09,다못보고 나왓는데 q3 순위좀,"쥬지 사인지 가슬리 다음이 누구
- dc official App"
2024-11-23 16:26:11,레이싱포인트가 되부렸네,오히려 좋아
2024-11-23 16:26:11,르끌 P4면 우승하겠네,ㅇㅇ
2024-11-23 16:26:16,퇴물탕:나 나간다고 메르가 셋업 좆같이 잡음 ㅠㅠ,+16은 뽀구미가 타도 그거보단 빠르겠다
2024-11-23 16:26:18,래이싱포인트 부활 ㅅㅅㅅㅅㅅ,ㅋㅋㅋㅋㅋㅋㅋㅋ
2024-11-23 16:26:21,병신 둘,"200억
1400억"
2024-11-23 16:26:22,알핀은 이벤트 리버리가 통하네 ㅋㅋㅋ,맨날 핑크 리버리 ㄱㄱ
2024-11-23 16:26:23,쥬지 얼굴 반갈죽,
2024-11-23 16:26:26,가슬리때문에 게이가 될거같아,
2024-11-23 16:26:30,해밀턴이 그냥 윌리엄스 가면 안됨?,사바오야 가지마...
2024-11-23 16:26:31,어우 쥬지 전광판 저건 좀 무섭다,얼굴반갈죽ㅋㅋ
2024-11-23 16:26:35,4끌레르 오히려 좋아,우승 간다
2024-11-23 16:26:36,몽골 << 노쪽이 티배깅할려고 기록맞춘건가요?,ㅋㅋ
2024-11-23 16:26:44,가슬리 얘는 진짜ㅋㅋㅋㅋ,이런 애를 내다버리고 체평 데려온 레드불은 뭔데ㅋㅋㅋㅋ
2024-11-23 16:26:52,쥬지전광판 ㅋㅋㅋㅋ,- dc official App
2024-11-23 16:26:57,맥라렌은 직선 주로에서 속도 생각보다 안나는듯?,몽골 드챔 먹겠누
2024-11-23 16:27:02,글자에 얼굴 띄우는 거 좀 기괴한데,러/셀
2024-11-23 16:27:13,막스 노리스 앞에서 히히 못가 하겠네 ㅋㅋㅋㅋ,어딜 가려고 ㅋㅋ 힐듯
2024-11-23 16:27:26,체중재는눈나는어디가고,할배가 서있누ㅜㅜ
2024-11-23 16:27:27,???: 감독님 내일 하드타이어 스타트 말아두세요,안 들어가고 버티다 보면 분명히 세카가 뜰 거라니까?
2024-11-23 16:27:30,좆망 ㅋㅋ,아닌가 호잰가?
2024-11-23 16:27:37,쥬지 맥고나걸교수처럼 생김,ㅋㅋㅋㅋㅋㅋㅋ
2024-11-23 16:27:38,르끌레가 드챔먹어야하는데 사인츠가 자꾸 찬물뿌리잖아,"퇴물탕 데려오면 쳐느려서 르끌한테 시비못검
페라리는 제대로된 선택을 한거임"
2024-11-23 16:27:39,몽골 경쟁자 아니면 개 친절해 ㅋㅋㅋㅋ,
2024-11-23 16:27:44,스타트 몽노대전 입갤 ㅋㅋㅋㅋㅋㅋ,
2024-11-23 16:27:47,몽골 노리스 앞이라고 싱글벙글하네ㅋㅋㅋㅋㅋ,드챔먹었다 이거지
2024-11-23 16:27:54,다 모르겠고,컨챔 역전 드가자~ ㅋㅋ
2024-11-23 16:28:05,페라리 슈트 3개월은 안빤거같음,뭔 에디션이 저렇다냐
2024-11-23 16:28:07,사인츠 보내기 싫은 티포시는 개추~~~~,ㅇㅇ
2024-11-23 16:28:12,호너 왜 메르 피트크루애있냐?,존나 닮았네 ㅋㅋㅋ
2024-11-23 16:28:13,토토 표정 ㅋㅋ,ㅋㅋ
2024-11-23 16:28:20,꺼몬 레츠고,
2024-11-23 16:28:30,슬슬 알핀이 애마 컨챔 딸 거 같으면 개추 ㅋㅋㅋ,이제 37포 차이면 슬슬 가능해보임 ㅋㅋㅋ
2024-11-23 16:28:34,전광판 쥬지 무서워,
2024-11-23 16:28:34,Alpine dominance could never bore fans,"대황핀 ㄷㄷ
- dc official App"
2024-11-23 16:28:47,장갑 IWC 존나 귀엽노 ㅋㅋㅋ,ㅋㅋ
2024-11-23 16:28:56,퇴물탕 십련아,Q2까진 잘 했잖아 ㅅㅂ
2024-11-23 16:29:03,연간 1400억짜리 세컨 vs 슬림이 스폰서 꽂아주는 세컨,대 체 황
2024-11-23 16:29:08,F1이 된 조지러셀. JPG,이왜진
2024-11-23 16:29:25,그래서 알비 업데이트는 좋았던거냐?,
2024-11-23 16:29:31,알핀 빨라진 이유,레이싱 포인트의 기운을 받음
2024-11-23 16:29:38,슬슬 쫄리는 진하스면 개추,이거 순위 회복 못하는 거 아니냐
2024-11-23 16:29:47,페라리는 왜 잘하는 애 버리고 못하는애 주워와???,그것이 낭만이니까
2024-11-23 16:29:52,내일 월챔 세레머니 하는거임?,"우승은 조지인데 월챔 확정은 막스이면 중계는 어떻게 되는거임?
조지 세레머니 끝나고 월챔 세레모니 하는거임?"
2024-11-23 16:30:21,노리스 오늘 밤 가야할 곳,해밀턴 숙소가서 비법 배우기 ㅋㅋㅋㅋ
2024-11-23 16:30:26,이새낀 이제 기대도 안된다,2026으로 스킵하자
2024-11-23 16:30:29,메르 공계 댓글 드디어 물탕이 버리노 ㅋㅋ,더 이상 쉴드 못 치겠다네 ㅋㅋㅋㅋㅋㅋㅋ
2024-11-23 16:30:31,미쳐버린 알핀,ㅋㅋㅋ
2024-11-23 16:30:48,르클레르 4위?,가자
2024-11-23 16:30:53,오늘 윌 요약,"또 고장났다 이기
- dc official App"
2024-11-23 16:31:08,따잇 꿜리,
2024-11-23 16:31:24,엪알못 개병신새끼,F1 마이너 갤러리
2024-11-23 16:31:25,하수:막스가 퀄리를 망쳤구나,"고수:아하 직빨이 나쁘니까 계속 DRS를 받겠다는 뜻이구나!
- dc official App"
2024-11-23 16:31:28,브버지<-장사의 신이면 개추 ㅋㅋ,르노 정상화 완료
2024-11-23 16:31:41,쥬지1등보다 궁금한게,가슬리 이새끼 어케함
2024-11-23 16:31:59,츠노다 포디움 가즈아!!~~,"대 노 다
- dc official App"
2024-11-23 16:32:00,씨이발…,q2까진 그래도 오늘은 퇴물탕 소리 안 듣겠구나 했는데 시발… ㅠ
2024-11-23 16:32:16,똥차갑 2등 도대체 어케함? ㄷㄷㄷㄷㄷ,갓핀!!
2024-11-23 16:32:17,??? : 니들은 F1에 있을 자격이없어,F2 보다 느린새끼들아 ㅋㅋㅋ
2024-11-23 16:32:24,내가 노쪽이 개같이 우주방어해서,페라리 컨챔 먹여줄 막스면 ㄱㅊ
2024-11-23 16:32:25,르노 병신들아,엔진 만들어 니들 재능있어
2024-11-23 16:32:25,차무식~,
2024-11-23 16:32:29,드챔 노려쓰(25),"노리기만했음
- dc official App"
2024-11-23 16:32:50,대 슬 리,
2024-11-23 16:32:56,페라리는 내년차 개발할게 아니라 회춘약 공수해와야,한 10년쯤 젊어지는거 먹이면 컨챔은 가져올거 같은데
2024-11-23 16:32:58,노쪽이고 몽골이고 일단 올려라 새끼들아ㅋㅋㅋㅋ,'T'
2024-11-23 16:33:48,포디엄 갓슬리,
2024-11-23 16:33:54,❗❗❗ 컨 챔 열 차 출 발 ❗❗❗,"퀄리 순위대로 레이스 종료 시
페라리 P2 P4 +30
맥라렌 P6 P8 +12
-36 -> -
18"
2024-11-23 16:34:06,영퐁티... 츠노다 일침 레전드....,츠노다 짤 찾는데 이딴게 튀어나오노 ㅋㅋ
2024-11-23 16:34:18,원래 퀄리 3명 다 인터뷰하냐?,퀄리는 p1만 하는 거 아니었음?
2024-11-23 16:34:18,몽골견 일동은 페라리의 컨챔을 응원합니다,"드챔 막스
컨챔 페라리
합의보시죠
- dc official App"
2024-11-23 16:34:20,츠노다 크래시 스택 바쿠랑 멕시코에서 다 써서 폼 돌아왔네,아무리 생각해도 브라질에서 포디움한번 했어야하는데 으악
2024-11-23 16:35:09,인테르 머임,ㄷ
2024-11-23 16:35:09,순간 사전트가 타이어주나 했네,ㅋㅋㅋㅋㅋㅋㅋ
2024-11-23 16:35:14,???:아니 씨발 감독님 왜 잘타는애 놔두고 틀딱병신새끼를 데려왔어요,"나도몰라씨발
- dc official App"
2024-11-23 16:35:16,유튜버냐 쟤는 ㅋㅋ,
2024-11-23 16:35:23,전광판 러셀 이거 아님?,검정고무신 코짤린 아재
2024-11-23 16:35:36,막스 참-담,
2024-11-23 16:35:44,몽골 머리가 복잡하노 ㅋㅋㅋㅋ,아
2024-11-23 16:35:47,막스 기록보면서 뭔 생각할까ㅋㅋㅋ,"체코 ㅆ..
- dc official App"
2024-11-23 16:35:47,레츠고 베이비~,!
2024-11-23 16:35:50,레츠고 베이비 입갤ㅋㅋㅋ,
2024-11-23 16:35:50,가슬리 좋아죽노ㅋㅋㅋㅋㅋㅋ,
2024-11-23 16:35:52,레츠고오오오오오,- dc official App
2024-11-23 16:35:57,몽골 약간 거북남 같은데,"맞지?!
- dc official App"
2024-11-23 16:35:58,렛츠고???,렛츠고??
2024-11-23 16:36:00,ㅋㅋㅋㅋㅋㅋㅋ 레츠궈,
2024-11-23 16:36:07,이미친르끌까,시발새끼야
2024-11-23 16:36:12,병신 듀오 투샷,
2024-11-23 16:36:13,워허허호호호호후,
2024-11-23 16:36:20,(하 씨발 리어윙만 좀 잘 가져오지),
2024-11-23 16:36:37,우승 못하고 드챔확정 못지은 적이 있었나?,당장에 76년 제임스 헌트 생각나고
2024-11-23 16:36:42,알밑레맥ㅋㅋㅋㅋㅋ,
2024-11-23 16:36:46,옥상 f1전광판 러셀 눈이랑 입만 나오는거 개웃기넼ㅋㅋ,"씨발 어노잉 오랜지인가 그거 보는것 같음 ㅋㅋㅋㅋ
- dc official App"
2024-11-23 16:36:48,내일 몽골 빡돌아서 고아무브 조지는 거 기대되는 엪붕이면 개추 ㅋㅋㅋㅋㅋ,"ㅇㄷㄴㅂㅌㅋㅋㅋㅋㅋㅋㅋ
- dc official App"
2024-11-23 16:37:02,개좆핀 << 메르 엔진 바꾸겠다 선언 이후 떡상,??????
2024-11-23 16:37:03,브라질부터 입문한 사람한테는 알핀이 최상위권 팀일듯 ㅋㅋ,두경기 연속 포디엄권에서 놈 ㄷㄷ
2024-11-23 16:37:08,시간대가 근데 진짜 좋긴좋다,"점심 먹으면서 프랙 보고
낮잠 한 숨 자고
퀄리파잉 보고
이제 준비하고 나가면 됨"
2024-11-23 16:37:19,츠밑피 ㄷㄷ,알비로 맥을 따네
2024-11-23 16:37:21,노리스 드챔 확정.jpg,"뭐긴 뭐야 드라이버 오브 더 데이지
이번경기에서 르끌만 DOD 못따면 노리스 7회 르끌4회로 DOD챔 확정임
드챔인줄 알았다면 착각이다
고작 3승으로 드챔을 노리다니 양심도 없노"
2024-11-23 16:37:31,차량데이터 정보탭임? 테크탭임?,- dc official App
2024-11-23 16:37:38,스타트때 몽노 더블리타 가자,그럼 몽골 드챔 확정이잖아
2024-11-23 16:37:59,가슬리는 그냥 잘됐으면 좋겠음,"탈모 온거보면 짠함
애도 근본 착한 거 같고 일이라도 잘 풀려야 덜 빠진다"
2024-11-23 16:38:04,안캐)알핀은 개쓰레기팀,의역 없음
2024-11-23 16:38:07,내일 츠노다 헐크 가슬리 포디움 올라가면 좋겠다,몽노둘다 포인트권에서 빠지고 ㅋㅋㅋ
2024-11-23 16:38:08,"""저 퇴물새끼 누가 데려오자고 했더라""",아 씨 누구지
2024-11-23 16:39:22,내일 딱 치킨으로 점심 먹으면서 봐야겠네,캬
2024-11-23 16:39:24,호너 지금 쯤 후회하는 중,"체코보다 더 똥차인 차로 P3 찍는 미친 새끼
알본보다 원래 더 잘 타던 새끼
- dc official App"
2024-11-23 16:39:33,북미 레이스들 전부 나이트레이스 돌려라,유럽놈들도 새벽중계의 좆같음을 알아야함
2024-11-23 16:40:16,'P3',
2024-11-23 16:40:23,스트롤 헤드스핀 입갤ㅋㅋㅋㅋ,ㅋㅋㅋㅋ
2024-11-23 16:40:49,그냥 차 시동 걸은김에 지금 레이스 하면 안됨??,할거 없는데 그냥 좀 해
2024-11-23 16:41:04,각 드라이버 차량데이터 비교,"VCARB 는 차량데이터 부족으로 안뽑힘
ㅇㅇ..."
2024-11-23 16:41:48,막스 이 새끼는 그냥 노리스를 사랑함,노리스 앞에만 있으면 그만인거임 ㅋㅋㅋ
2024-11-23 16:42:42,[속보] 바수르 응급실,후회하고 있어요~
2024-11-23 16:42:47,노리스가 몽골 어뢰 갈길 가능성 있냐,ㅈㄱㄴ
2024-11-23 16:43:11,하수: 막스랑 노리스 피터지게 싸우겠구나,고수: 스타트때 노리스 츠노다한테 따이고 둘이서 배틀하겠구나
2024-11-23 16:43:40,"근데 진짜 막스 섹터 1,2에서 계속 퍼플 그린인데","섹터3에서 계속 옐로우인거 보고 존나 웃기면서 현타왔음
시발 드래그 덩어리 그 자체임 ㄹㅇ"
2024-11-23 16:43:41,시작부터 몽골이 노리스 존나 밀다가 사고나면 좋겠노,모두가 재밌고 행복한 그림
2024-11-23 16:43:59,그냥 북미는 맨날 이시간대에 해야되면 개추ㅋㅋㅋㅋ,"무슨 새벽 3시여ㅋㅋㅋ
해뜬 오후 3시가 맞으면 개추ㅋㅋ"
2024-11-23 16:44:00,"""스핀해라 르클레르""",
2024-11-23 16:44:12,쥬지 우승각은 맞지?,확실히 빠른데
2024-11-23 16:44:58,경 페라리 연봉이야 본인 브랜드가치인데 폼이 ㅋㅋ,"왜 활어라면서 상한냄새가 나는거같고 그러지????
어라라"
2024-11-23 16:45:23,사인츠 페라리에서 계속 달린다고 공지떴으면,진짜 ㅈㅂ
2024-11-23 16:45:29,진짜 메르 공계에도 물탕이 쉴드 힘들다 하네,이런날이 오네
2024-11-23 16:45:39,레이스 시간 언제임,"ㅅㅂ 봐도 봐도 모르겠노
- dc official App"
2024-11-23 16:45:39,일단 노쪽이 앞이라 기분 상쾌한 몽골견이면 개추 ㅋㅋ,"노리스 포디엄 못들면 1등차이로 뒤져도 드챔 확정 ㅋㅋ
“드챔 호소인” 더 노리스"
2024-11-23 16:45:57,맥은 왜 갑자기 망함?,속도가 안나온건가
2024-11-23 16:45:57,쥬지 월챔 내년 기대할 만하겠네,나는 이새끼가 살짝 과거의 노쪽이맹키로 마음이 가던데 성불했으면
2024-11-23 16:46:59,시즌 막바지만 되면 수상스럽게 잘하는새끼,P7???
2024-11-23 16:48:05,막츠 0.23초,팀?메간 격차가 적은게 보기 좋네
2024-11-23 16:48:10,내일 저우가 제일 궁금하다,저우 가기전에 포인트 따봐야지
2024-11-23 16:48:27,???: 틀딱한테 장기계약을 왜줌?,"1. 젊은 해밀턴과 로즈버그 영입
2. 보타스와 러셀 발굴
3. 키미는 아직 모르지만 기대되긴함
4. 퇴물탕 계약 연장 안함
안목 goat면 개추ㅋㅋ"
2024-11-23 16:48:41,메르 속도 생각하면 사인츠가 진짜 잘 달린거네,대신 대물탕 ㅋㅋ
2024-11-23 16:48:54,근데물탕진짜뭐임,이슈없는데순수페이스저하임?
2024-11-23 16:49:02,물탕 왜 p10 ?,q3 왜조진겨?
2024-11-23 16:49:08,HRT 이후로 컨챔 0포인트로 시즌 종료한 팀 있던가,자우버는 0포인트 끊으려면 이번 레이스가 가장 큰 기회일 것 같은데
2024-11-23 16:49:16,르끌 개망한줄 알았나봄,p7이냐 p10이냐 물어보네
2024-11-23 16:49:20,"지금 뉴비는 키미, 콜라핀토, 로슨 세 명이냐",누가 젤 잘함 지금으로서는?
2024-11-23 16:49:21,스타팅 그리드,"폴포지션 쥬지와 10위 수문장 물탕경
ㅈ망한 맥라렌과 대노다
저밑페, 그리고 브리티시 자우버 ㅋㅋㅋ
차깨먹은 탄산 다 빠진 콜라
그리고 수리비 챔피언십 꼴찌 대 슬 리
- dc official App"
2024-11-23 16:50:19,"""병신-","들"""
2024-11-23 16:50:38,경이 왜 10그리드 갔겠어,"본인 앞 두 대에 경의 품격 시전하고
페라리 컨챔 먹여주러 간거잖아
페라리의 레전드 대 밀 턴"
2024-11-23 16:50:55,가슬리 P3 놀랄게 아니다,"작년에도 P4 였다
그저 도박과 환락의 도시 원툴
도박 : 러셀
환락 : 가슬리
정보) 가슬리는 패독에서 야스하다 걸린적이 있다
환락 그 자체.. 피에르 더 야스 가슬리"
2024-11-23 16:51:44,맥라렌 공계도 이거 했었네,"얼탱 ㅋㅋㅋ
- dc official App"
2024-11-23 16:52:35,FOM) 실수를 하는 레드불은 체코일 것이다,???
2024-11-23 16:54:04,토토 진짜 대단하긴 한게,"19-20년인가 20-21년인가에 폼 살아있던 시절 물탕이가 이거 해줘 저거 해줘 징징거리면서 메르 본사랑 존나 싸울땐 어느정도 들어주다가
폼 떨어진다 싶었을때 바로 컷해버리고 진짜 보통이 아님 보법이"
2024-11-23 16:55:56,이번 퀄리 왜 그래?,못봐서 ㅜ ㅜ물탕 알핀 알파타우리 다 뒤섞였네 날씨랑 타이어때문인가
2024-11-23 16:56:02,F1 경기 어디서봄??,"나도 엔진소리 가득한것이 듣고싶구나
- dc official App"
2024-11-23 16:56:12,내일 페라리 1-2인 이유,르끌이 ‘four포지션’이라서
2024-11-23 16:56:52,해밀턴 진짜 퇴물된건가 ㄷ ㄷ ㄷ,페라리 어떡해
2024-11-23 16:57:02,오늘부로 가슬리팬 선언합니다,나한테 모자 던져준건 운명이다ㄹㅇ
2024-11-23 16:57:35,몽골은 오늘 페이스 어때보였냐,파키스탄식 공법으로 땜빵친거 치고는 ㄱㅊ?
2024-11-23 16:57:35,뉴비인데 맥라렌 ㅈ된거임?,ㅇㅇ;;
2024-11-23 16:59:32,올 시즌초까지만해도 이럴줄 몰랐는데,몽골 이사람 점점 통나무 지고 이악무는거 좀 웃김 ㅋㅋ
2024-11-23 16:59:53,내년 레이스도 박터지겠지,"루키들 변수도 있긴 한데 거의 모든 팀들이 성능 어느정도 한계치까지 올라온 상태에서 시즌 시작할거고
우승자가 올해보다 많을 것 같진 않은데 포인트 싸움이 미쳐 돌아갈 것 같다"
